,글번호,공개여부,제목,등록일,작성자,처리지사,진행현황,내용,답변자,답변내용
0,184216,공개,일용직 퇴직연금 의무가입 문의,2020-09-14,남**,복지연금국,처리완료,안녕하세요. 다름이 아니라 저희 사업장에 2년 이상 근무하셨던 일용직 직원이 계약종료가 되었는데 퇴직금 정산때문에 궁금한 점이 있어서 문의드립니다.  사업장내 다른 직원들(상용근로자)들은 현재  모두 퇴직연금에 가입되어있는데 세무사무실에서 일용직은 퇴직연금 가입이 의무가 아니라서 예전 방식으로 퇴직금을 지급해도 된다고 하더라구요. 그 말이 맞는지요? 상용근로자도  퇴직금이 300만원 이하인 경우 일시납으로 받을 수 있다고 알고있는데 일용직 근로자는 금액에 상관없이 의무가입이 아닌지 궁금합니다. 근로자분은 당연히 일시지급을 원하실 것 같아 문제가 없다면 그렇게 처리해드리려고 합니다. 답변가다리겠습니다.,복지연금국,안녕하십니까? 고객님   먼저 근로복지공단에 대한 고객님의 관심에 깊이 감사드립니다.   고객님께서 문의하신 “퇴직연금 일용직 의무 가입”과 관련하여 유선으로 답변해 드렸습니다.   그외 기타 궁금한 사항이 있으시면 우리 공단 관할지사 또는 근로복지공단 퇴직연금 콜센터(☎1661-0075)로 전화를 주시면 성심 성의껏 답변해 드리겠습니다.    오늘도 행복한 하루 보내시길 바랍니다.~ 
1,184000,공개,실업급여받고 있으면 2차재난지원금 못...,2020-09-10,이**,콜센터,처리완료,"실업급여받고 있으면 2차재난지원금은 못받나요? 코로나로 회사가 폐업을 해서 실직하고 실업급여받고 있는데... 혼자 딸아이키우고있습니다....한부모가정신처은 월급180원으로 기준치보다 몇만원 더 받는다고 한부모가정도 탈락되고...코로나로 회사가 없어져 실직되었는데 실업급여때문에 재난지원금도 못받고...ㅜㅠ 보통의 소상공인, 자영업자보다 월세사는 제가 더 막막한 현실인데....ㅜㅠ 일을 나가고 싶어도 제가 하는 일쪽은 자리도 나오지않고 이제 실업급여수급이 마지막인데도 직장도 못구하고 마지막 한번을 남겨두고 재난지원금을 못받는 다는게 너무 억울하네요ㅜㅠ 차라리 실직후 직장구하려고 노력하지말고 바로 실업급여신청했다면 지금 실직자로 지원금받을수있었을겁니다ㅜㅠ 저같이 몇만원, 몇일남은 이유로 정말 힘든현실에도 불구하고 지원받지 못하는 사각지대에 놓인 사람들을 헤아려주시기 바랍니다...저같이 억울한사람이 없도록 세심한 분류부탁드립니다ㅜㅠ",콜센터,"고객님 안녕하십니까? 근로복지공단 콜센터입니다. 먼저 근로복지공단에 대한 고객님의 관심에 깊이 감사드립니다. 사이버상담실은 일반적인 기준 사항에 대해서 상담 드리는 기관으로서 개ㄹ별 사업장의 구체적인 사실관계 조사 및 관련서류 검토가 필요하며, 이러한 확인 및 검토 업무는 사업장 관할 우리 공단에서 직접 수행함에 따라 사이버상담실은 이에 대한 직접적인 최종 판단까지는 내려드릴 수 없음을 양해해 주시기 바랍니다. 고객님께서 문의주신 내용에 대한 답변 드립니다.  고객님께서 문의하신 2차재난지원금과 관련한 업무는 고용노동부에서 관할하는 업무로 안타깝게도 안내드릴 수 없는 업무임을 양해해 주시기 바랍니다. 2차 재난지원금 대상: 1. 근로자고용유지지원금 및긴급고용안정지원금 2. 청년특별취업지원프로그램 3. 실직자지원(구직급여: 코로나극복일자리) 번거로우시겠지만 고용노동부 대표전화 ☎1350(국번없음) 또는 고용노동부 홈페이지 (http://www.moel.go.kr) [경로: 민원 >민원마당 바로가기 >민원신청 >빠른인터넷상담]을 이용하시어 문의해 주시기 바랍니다.   그외 근로복지공단 업무가 있으시면 근로복지공단콜센터(☎1588-0075)로 전화주시 면 성심 성의껏 답변해 드리겠습니다. 감사합니다.   오늘도 행복한 하루 보내시길 바랍니다.  ※ 인터넷 질의응답은 법적인 효력을 갖는 결정이나 판단이 아니므로 각종 권리 주장의 근거 또는 증거 자료등으로 사용할 수 없으니 참고하시기 바랍니다. "
2,183912,공개,65세 이상 근로자 고용보험 피보험 ...,2020-09-09,김**,콜센터,처리완료,"안녕하십니까.  저희 장모님께서 영세 식당에서 2018년 3월부터 2019년 4월, 2019년 4월부터 2020년 8월까지 근무하셨습니다. 현재 연세는 만 65세 이상이십니다(2017년 이후). 식당 근무시 나이가 65세 이상이라는 이유로 사업주가 2019년 4월 부터 고용보험에 가입하지 않았다고 합니다. 최근 비자발적 퇴사를 하시게 되었습니다. 실업급여를 신청하려고 합니다. 급여명세서는 별도로 발급받지 못하셨고 매달 통장에 월급 입금내역은 확인됩니다. 이런경우 1. 근무확인 사실이 확인되면 피보험신청이 가능한지 여부와 2. 65세 이상이시지만 실업급여 신청이 가능한지 여부도 함께 알고 싶습니다. 3. 필요한 서류가 있으면 구체적으로 어떤 서류가 필요한지 문의드립니다. 참고로 영세한 식당에서 근무하시는 분들에 대한 서류쥬준비가 사업자측이나 고용인측 모두 쉽지 않습니다. 연세드셔서 새 직장 구하는 사이 재정적 어려움을 국가의 도움을 통해 조금이나마 해소하시고자 합니다. 깊은 이해와 도움 부탁드립니다. 제가 외국에 있는 상황이라서 메일로 연락을 주시면 감사드리겠습니다 kangwook20@naver.com",콜센터,"고객님 안녕하십니까? 근로복지공단 콜센터입니다. 먼저 근로복지공단에 대한 고객님의 관심에 깊이 감사드립니다. 사이버상담실은 일반적인 기준 사항에 대해서 상담 드리는 기관으로서 개ㄹ별 사업장의 구체적인 사실관계 조사 및 관련서류 검토가 필요하며, 이러한 확인 및 검토 업무는 사업장 관할 우리 공단에서 직접 수행함에 따라 사이버상담실은 이에 대한 직접적인 최종 판단까지는 내려드릴 수 없음을 양해해 주시기 바랍니다. 고객님께서 문의주신 내용에 대한 답변 드립니다.   고용보험은 나이 상관없이 의무가입이기 때문에 65세 이상 신규 채용자도 고용보험 피보험자격 취득신고를 해야합니다. 다만 65세 이후 입사한 경우에는 &apos;실업급여&apos;는 적용하지 않고, &apos;고용안정·직업능력개발사업&apos;에만 적용이 되므로 근로자와 사업주가 반씩 부담하는 실업급여 보험료는 부과되지 않고, 사업주만 부담하는 고용안정·직업능력개발 보험료만 부과가 됩니다. [보험료부과기준] ■ 산재보험 : 연령상관 없이 보험료 부과 ■ 고용보험 1) 실업급여 : 만65세 이후에 취득이 되면 보험료 부과하지 않음 2) 고용안정, 직능 : 65세이상 근로자에 대해서도 모두 징수 (연령에 관계없이 모두 징수함-사업주부담) 다만 19.1.15 법이 개정되어 &apos;65세 전부터 피보험 자격을 유지하던 사람이 65세 이후에도 계속하여 고용된 경우&apos; 즉, &apos;단 하루도 근로단절이 없이 퇴사 후 새로운 직장을 바로 들어가서 계속 근무를 유지하게 된 경우&apos;에는 고용보험 실업급여 적용대상이 되므로 근로자에게도 실업급여 부분을 공제를 해주셔야 하겠습니다. ※ 개정된 내용중 &apos;원칙적으로 하루라도 근로단절이 없어야 한다&apos;는 의미는 동일 사업장에서 고용을 유지해야 한다는 의미는 아니며, 전직할 경우 토요일, 일요일(법정 공휴일), 법정 휴일을 제외하고 하루라도 단절이 없어야 함을 의미 만 65세(2019년 기준 1954년생) 이후 고용된 자는 고용보험 가입은 의무이지만 사업주만 부담하는 고용안정직업능력 보험료만 적용이 되고 근로자와 사업주가 반씩 부담하는 실업급여 적용을 받지 못하므로 만 65세 이후 고용되는 근로자에게는 고용보험을 공제하지 않으시면 됩니다.  고용보험법 제10조(적용근로자)제2호에 따르면 *65세 이후에 고용(65세 전부터 피보험 자격을 유지하던 사람이 65세 이후에 계속하여 고용된 경우는 제외한다)되거나 자영업을 개시한 사람에게는 제4장 및 제5장을 적용하지 아니한다.*고 정하고 있습니다.  고객님의 경우 식당에 입사할 당시 만65세가 넘어서 들어갔다면 고용보험에 가입대상은 맞으나 실업급여 항목에는 해당하지 않으며 고용안정사업에만 해당하여 사업주만 보험료를 납부하는 것에 해당하게 됩니다.이런경우는 근로자가 나중에 퇴사를 하여도 실업급여를 지급받지 못하게 됩니다.  기타 궁금한 사항이 있으시면 근로복지공단 콜센터(☎1588-0075)로 전화를 주시면 성심 성의껏 답변해 드리겠습니다. 이용해 주셔서 감사합니다. 오늘도 행복한 하루 보내시길 바랍니다. ※ 인터넷 질의응답은 법적인 효력을 갖는 결정이나 판단이 아니므로 각종 권리 주장의 근거 또는 증거 자료등으로 사용할 수 없으니 참고하시기 바랍니다."
3,183872,공개,법인전환신 퇴직연금,2020-09-09,김**,복지연금국,처리완료,안녕하세요  개인사업자에 가입되어 있는 근로자입니다   개인사업자에서 이번달에 법인 전환으로 한다고 합니다  포괄양수도로 진행될예정입니다   이에 개인사업자에서 가입한 퇴직연금을 이어서 법인사업자로 가입하려고 하는데요  어떻게 해야 하나요??  가입기간이있어서 이어서 가입하려고 합니다,복지연금국,안녕하십니까? 고객님   먼저 근로복지공단에 대한 고객님의 관심에 깊이 감사드립니다.   고객님께서 문의하신 “퇴직연금 법인 전환”과 관련하여 유선으로 답변해 드렸습니다.   그외 기타 궁금한 사항이 있으시면 우리 공단 관할지사 또는 근로복지공단 퇴직연금 콜센터(☎1661-0075)로 전화를 주시면 성심 성의껏 답변해 드리겠습니다.    오늘도 행복한 하루 보내시길 바랍니다.~   
4,183838,공개,퇴직연금 추가가입 문의,2020-09-08,이**,복지연금국,처리완료,안녕하세요.  사업장에 추가가입 인원이 있습니다.  추가인원 신청시 필요한 서류와 방법을 알려주시면 감사하겠습니다.  참고로 3개월 수습기간 후 정직원이 되었고 두 기간의 월 기준급여가 다릅니다. 이 부분에 대한 신청방법도 함께 부탁드립니다.  감사합니다.,복지연금국,"안녕하십니까? 고객님   먼저 근로복지공단에 대한 고객님의 관심에 깊이 감사드립니다.   고객님께서 문의하신 “퇴직연금 추가 가입”과 관련하여 유선으로 답변해 드렸습니다.   그외 기타 궁금한 사항이 있으시면 우리 공단 관할 성남지사(☎031-720-1683, 031-720-1685) 또는 근로복지공단 퇴직연금 콜센터(☎1661-0075)로 전화를 주시면 성심 성의껏 답변해 드리겠습니다.    오늘도 행복한 하루 보내시길 바랍니다.~   "
5,183790,공개,퇴사시 DC형 운용하던 펀드가 자동 ...,2020-09-08,임**,복지연금국,처리완료,"DC형에 가입되어 있어 제가 직접 펀드상품에 가입하여 운용하고 있습니다.   약 한 달 뒤 퇴사를 앞두고 있는데 현재 운용상품이 자동으로 승계되어 IRP 계좌로 넘어가는지   아니면, 개별 상품이 모두 해지되어 IRP 계좌로 현금이 넘어온 상태에서 다시 개별 상품을 가입하고 운용해야하는 건지 확인하고 싶습니다.",복지연금국,안녕하십니까? 고객님   먼저 근로복지공단에 대한 고객님의 관심에 깊이 감사드립니다.   고객님께서 문의하신 “퇴직연금 운용상품 자동 해지”와 관련하여 유선으로 답변해 드렸습니다.   그외 기타 궁금한 사항이 있으시면 우리 공단 퇴직연금 콜센터(☎1661-0075)로 전화를 주시면 성심 성의껏 답변해 드리겠습니다.    오늘도 행복한 하루 보내시길 바랍니다.         
6,183371,공개,소액생계비 문의,2020-08-31,이**,콜센터,처리완료,이번에 완화된 소액생계비 대부건에서 아래와 같이    ㅇ월평균소득이 3인 가구 중위소득  이하인 노동자(‘20년 388만원)  * 비정규직/특수형태고용종사자 소득요건 미적용 비정규직의 경우 소득이 30% 감소한 금액이 400만원 인데 해당 되는지요?,콜센터,"고객님 안녕하십니까? 근로복지공단 콜센터입니다.먼저 근로복지공단에 대한 고객님의 관심에 깊이 감사드립니다. 인터넷상담은 직접 민원업무 처리를 하지 않으므로 업무에 대한 판단을 내려드릴 수 없으며 일반적인 단순문의에만 답변 가능한 점 양해부탁드립니다. 소액생계비 융자는 개인 사정으로 인한 휴직, 계절 사업 등 소속된 사업장의 사업구조상의 이유로 소득이 감소함에 따라 생활유지에 드는 비용으로 융자대상 월 소득이 직전 달의 월 소득에 비하여 30%이상 감소한 경우에 신청 가능합니다. 고객님이 해당 요건에 해당하시는지에 대한 여부는 인터넷상담에서 판단해 드릴 수 없는 점에 대해 양해부탁드리며, 개별적인 사안에 대한 보다 자세한 상담은 실제 업무를 수행하고 있는 관할지사 경영복지부(복지사업부) 담당자에게 문의하시길 안내드립니다.- [근로복지공단 지사 찾기]근로복지공단홈페이지 → 조직안내 → 지역본부 및 지사 기타 공단의 업무와 관련된 궁금한 사항이 있으시면 근로복지공단 콜센터(☎1588-0075)로 전화를 주시면 성심 성의껏 답변해 드리겠습니다. 이용해 주셔서 감사합니다. 오늘도 행복한 하루 보내시길 바랍니다. ※ 인터넷 질의응답은 법적인 효력을 갖는 결정이나 판단이 아니므로 각종 권리 주장의 근거 또는 증거 자료등으로 사용할 수 없으니 참고하시기 바랍니다. "
7,183283,공개,[2017.02 ~ 2018.04] ...,2020-08-27,강**,복지연금국,처리완료,"안녕하세요? 약 2년 전, 켈리서비스코리아 (정규직) 근무했던, 강수지 과장입니다.  퇴사 당시 지급 받았던 DC/DB형 (퇴직 연금) 및 인센티브 (2018.01: 1팀 전체 성과급 / 2018.09 ~ 작년 말경: 서울시일자리까페 - 메인 / 전문 강사로  프리랜서 근무) 총 3가지 안건에 대해 서울시 일자리정책과와 당시 급여 통장이었던 신한은행 (강수지: 110-469-691120 / 서울광화문파이낸스센터 [SFC] 1F) 및 DC/DB형 퇴직연금 계좌 교보생명 (강수지: 계좌명이 정확히 기억나지 않음 / 현재 파기 상태)에 대한 금액 총액이 정확하게 추산되어 합산 청구 되었는지 확인하고 싶습니다.   * 켈리서비스 (홈페이지): https://www.kellyservices.kr/contact-us/ * 강수지 (개인사업자 운영중): suji.gang@lectureplus.co   관련하여, 서울시 (공공기관 전체) 강의 평가 및 피드백 자료를 받고자 할 때는 어떻게 행정/적법 처리 방식을 거쳐야 할까요? 검토 부탁 드립니다.  감사합니다. 강수지 드림 (010-8999-1307)",복지연금국,"안녕하세요! 고객님!근로복지공단 홈페이지를 이용해 주셔서 감사합니다.고객님께 유선으로 안내해드렸으며, 근로복지공단은 근로복지공단에 가입한 퇴직연금 사업장에 한해 안내가 가능합니다.고객님께서 퇴직연금 지급처리가 잘 되었는지는 해당 사업장 또는 사업장의 퇴직연금사업자에게 문의하시기 바랍니다. 또한 기타 관련 문의사항에 대해서는 관계기관에 문의하시기 바랍니다.오늘도 좋은하루 되세요. 감사합니다."
8,183250,공개,퇴직연금 운용방식 선택 주체자,2020-08-26,박**,복지연금국,처리완료,"제가 근무하고 있는 직장은 현재 확정기여형 퇴직연금을 거의 전직원이 선택해서 운용하고 있습니다.  하지만 저는 아직 선택하지 않은 상태입니다.  저는 확정급여형 (DB형)을 선택하고 싶은데 제가 DB형 선택을 직장에 요구할 권한이 있는 건가요?, 아니면 직장에서 하라는 대로 따라가는 것이 적법한 건가요?",복지연금국,"안녕하세요! 고객님!먼저 근로복지공단에 대한 고객님의 관심에 깊이 감사드립니다.사업장내에서 여러 퇴직금제도 설정은 가능합니다. 다만, 고객님께서 문의하신 내용은 고용노동부 소관업무로, 번거로우시겠지만 사업장 관할 고용노동청에 방문하여 문의하시거나 아래의 경로를 통해 다시금 고용노동부로 문의하셔서 안내받으시기 바랍니다.   -고용노동부 콜센터 및 홈페이지-◇ 전 화 : (고객상담센터) 국번 없이 1350  ◇ 인터넷 : 민원마당(minwon.moel.go.kr) > 민원신청 > 빠른인터넷상담   근로복지공단 퇴직연금관련하여 궁금한 사항이 있으시면 근로복지공단 콜센터(☎1661-0075)로 전화를 주시면 성심 성의껏 답변해 드리겠습니다.이용해 주셔서 감사합니다. 오늘도 행복한 하루 보내시길 바랍니다."
9,183003,공개,퇴직연금가입문의,2020-08-20,김**,복지연금국,처리완료,5인 미만 법인 사업장입니다. 퇴직연금 가입문의좀 드리려고 합니다.  인터넷으로 대충 조회해봤는데 dc형이 괜찮을 것 같아 진행하려고합니다.  문의드릴 부분은  1. 수수료부분은 은행사마다 수수료가 다른데 어떤 은행사로 가입이 되는 건가요??  2. 수수료는 월마다 내는 것일까요??  3. 현재 2~3년 된 직원들이 있는데 지금까지 쌓인 퇴직금은 어떻게 해야되는 것안가요 ?? (현재 소기업이라 원래 있던 직원들의 쌓인 퇴직금을 퇴직연금통장에 모두 넣고 시작해야한다고 하면 금전적으로 부담이 됩니다.)  4. 1/12에 해당하는 퇴직금을 연말에 한번에 납부해야하는 것인가요 달마다 분할로도 가능한가요?  5. 신규직원 채용예정인데 신규직원들은 퇴직연금을 퇴직금이 쌓이기 시작하는 1년 후부터 가입을 해야하나요 ?  이렇게 5가지 입니다. 감사합니다.,복지연금국,"안녕하세요! 고객님!근로복지공단 홈페이지를 이용해주셔서 감사합니다.문의하신 내용은 유선으로 안내해드렸으며, 고객님의 사업장 관할지사는 근로복지공단 전주지사로 연락처는 063-240-8118, 8119 입니다.오늘도 좋은하루 되시기 바랍니다. 감사합니다!"
10,182931,공개,이직확인서 접수내역,2020-08-18,한**,콜센터,처리완료,근로조건변동으로인한 생계유지 불가로 자진퇴사를 하였고 이직확인서 요청을 2~3주전부터 요청해왔으나 의사소통 문제로 오늘자 날짜로 담당자가 접수하였다고 합니다 조회시는 확인이 안되는데 접수가 된게 맞는지 문의드립니다.,콜센터,"고객님 안녕하십니까? 근로복지공단 콜센터입니다.먼저 근로복지공단에 대한 고객님의 관심에 깊이 감사드립니다. 답변이 늦어져 죄송합니다. 인터넷상담은 직접 민원업무 처리를 하지 않으며 일반적인 단순문의에만 답변 가능한 점 양해부탁드립니다.  문의상 고객님의 정보가 확인되지 않아 정확한 안내가 어려운 점 양해 말씀드리며, 고용산재보험 토탈서비스의 이직확인서 처리여부 등의 조회는 관할지사에서 접수 및 처리가 진행되어야 조회가능함을 알려드립니다.-[이직확인서 처리여부 조회] 고용산재토탈서비스(http://total.kcomwel.or.kr) → 개인회원 로그인 → 정보조회>민원조회>이직확인서처리여부 조회 또한 대표번호 1588-0075(단축번호 1번)으로 문의주시면 본인확인 후 접수여부 확인이 가능함을 알려드립니다. 개별적인 사안에 대한 보다 자세한 상담은 실제 업무를 수행하고 있는 관할지사 담당자에게 문의하시길 안내드립니다.- [근로복지공단 지사 찾기]근로복지공단홈페이지 → 조직안내 → 지역본부 및 지사 기타 공단의 업무와 관련된 궁금한 사항이 있으시면 근로복지공단 콜센터(☎1588-0075)로 전화를 주시면 성심 성의껏 답변해 드리겠습니다.이용해 주셔서 감사합니다. 오늘도 행복한 하루 보내시길 바랍니다. ※ 인터넷 질의응답은 법적인 효력을 갖는 결정이나 판단이 아니므로 각종 권리 주장의 근거 또는 증거 자료등으로 사용할 수 없으니 참고하시기 바랍니다. "
11,182824,공개,퇴직금 지급 진행사항,2020-08-14,황**,복지연금국,처리완료,"안녕하세요.. 7월 퇴직 후 퇴직금 지급 신청을 회사에서 늦게 한걸로 알고있지만.. 8월 4일 카카오톡을 통하여 근로복지공단에서 카카오톡 알림을 통해 진행 절차에 들어갔으며, 진행 절차는 ""지급진행조회""에서 확인이 가능하다고 하였습니다. 다음 날 부터 진행조회를 계속 시도했지만, 현재까지 ""지급진행 중 인 내역이 없습니다."" 라는 문구만 확인 할 수 있었습니다. 퇴직금은 정확히 언제 받을 수 있는지, 지금 진행 중인 절차가 어떠한지 확인하고싶습니다.",복지연금국,안녕하세요! 고객님!고객님께서 문의하신 내용은 유선연락으로 답변드렸습니다. 기타 궁금하신 사항이 있으시면 근로복지공단 콜센터(☎1661-0075)로 전화를 주시면 성심성의껏 답변해드리겠습니다. 이용해주셔서 감사합니다. 오늘도 행복한 하루 보내시길 바랍니다.
12,182763,공개,퇴직금 정산이 잘못된 경우 이자 청구...,2020-08-12,정**,복지연금국,처리완료,"미지급금에 대한 이자 지급 관련규정에 의하면  지급 사유가 발생한 날부터 14일 이내에 지급하지 아니한 경우 그 다음 날부터 지급하는 날까지의 지연 일수에 대하여 연 100분의 40 이내의 범위에서 은행이 적용하는 연체금리 등을 적용 받을 수 있다라고 하는데요,   미지급에 대한 이자도 청구할 수 있는지요?  이 경우 지연 이자 기산점이 중간정산이 잘못계산된 경우  중간정산 시점인지 또는 퇴직일인지 회신을 바랍니다.  감사합니다",복지연금국,"안녕하십니까? 정현희님   먼저 근로복지공단에 대한 고객님의 관심에 깊이 감사드립니다.   근로복지공단은 고용·산재보험 가입·부과·피보험자 관리, 산재 보상·요양·재활·의료서비스 업무, 일자리안정자금 지원 및 퇴직연금 등 일부 복지업무를 수행하고 있습니다.   고객님께서 문의하신 “퇴직금 이자청구 등 ” 내용은 고용노동부에서 수행하는 업무로 안타깝게도 우리 공단에서 안내드릴 수 없는 업무임을 양해해 주시기 바랍니다. 따라서 번거로우시겠지만 사업장 관할 고용노동청에 방문하여 문의하시거나 아래의 경로를 통해 다시금 고용노동부로 문의하셔서 안내받으시기 바랍니다.    ◇ 전 화 : (고용노동부고객상담센터) 국번 없이 1350    ◇ 인터넷 : 고용노동부홈페이지 > 민원 > 민원마당바로가기 > 민원신청 > 빠른인터넷상담    그외 근로복지공단 업무와 관련하여 기타 궁금한 사항이 있으시면 우리 공단 콜센터(☎1661-0075)로 전화를 주시면 성심 성의껏 답변해 드리겠습니다.   *오늘도 행복한 하루 보내시길 바랍니다."
13,182762,공개,퇴직금 중간정산 소멸시효 기산점 문의...,2020-08-12,정**,복지연금국,처리완료,전 근무 업체에 계산착오로 퇴직금 미정산 금액을 청구하려고 합니다.   1. 중간정산한 퇴직금이 잘못 계산된 경우 소멸시효 기산점  중간정산 퇴직금의 경우 소멸시효 기산점이  중간정산 퇴직금 수령일인지   퇴직일 기준 시점인지 궁금합니다.,복지연금국,"안녕하십니까? 정현희님   먼저 근로복지공단에 대한 고객님의 관심에 깊이 감사드립니다.   근로복지공단은 고용·산재보험 가입·부과·피보험자 관리, 산재 보상·요양·재활·의료서비스 업무, 일자리안정자금 지원 및 퇴직연금 등 일부 복지업무를 수행하고 있습니다.   고객님께서 문의하신 “퇴직금 중간정산 소멸시효 등 ” 내용은 고용노동부에서 수행하는 업무로 안타깝게도 우리 공단에서 안내드릴 수 없는 업무임을 양해해 주시기 바랍니다. 따라서 번거로우시겠지만 사업장 관할 고용노동청에 방문하여 문의하시거나 아래의 경로를 통해 다시금 고용노동부로 문의하셔서 안내받으시기 바랍니다.    ◇ 전 화 : (고용노동부고객상담센터) 국번 없이 1350    ◇ 인터넷 : 고용노동부홈페이지 > 민원 > 민원마당바로가기 > 민원신청 > 빠른인터넷상담    그외 근로복지공단 업무와 관련하여 기타 궁금한 사항이 있으시면 우리 공단 콜센터(☎1661-0075)로 전화를 주시면 성심 성의껏 답변해 드리겠습니다.   *오늘도 행복한 하루 보내시길 바랍니다."
14,182633,공개,퇴직연금 운영 상품 종류,2020-08-07,고**,복지연금국,처리완료,안녕하세요. 현재 DC형 가입자 인데요. 퇴직연금을 펀드로 운영하고 싶은데 사이트에는 종류가 많지 않아 보입니다. 개인적으로 미국주식관련 펀드를 하구싶은데 제한이 있나요. 혹시 주식도 살수있나요?  운용방법에 대하여 가이드 부탁드립니다.,복지연금국,안녕하십니까? 먼저 근로복지공단에 대한 고객님의 관심에 깊이 감사드립니다. 고객님께서 문의하신 내용에 대한 답변은 유선으로 안내해 드린 내용으로 갈음함을 알려드립니다.  그외 기타 궁금한 사항이 있으시면 근로복지공단 콜센터(☎1661-0075)로 전화를 주시면 성심 성의껏 답변해 드리겠습니다.   오늘도 행복한 하루 보내시길 바랍니다.
15,182576,공개,김태훈,2020-08-06,김**,콜센터,처리완료,알바를 작년 6월부터 했습니다 이번달 말까지 하고 그만둔다고 점장한테 말했더니 평소에는 주20-25시간 알바를했었는데 그만둔다고 말한 다음주부터 스케줄이 16시간만 들어가게됐습니다 이렇게되면 퇴직금을 생각한것보다 덜 받게되고 혹시 이것에 대항할수있는 방법이 있나 궁금합니다  그리고 또 16시간을 넣어서 겨우주 15시간을 채워서 퇴직금은 받겠구나 했는데 알바당일 출근 한시간전에 갑자기 오늘 나오지 말라했습니다 제가 알기론 이런경우에는 사업자의 귀책사유가 있기때문에 주15시간한 기간으로 인정이 된다 들었는데 그럼 퇴직금 계산을 할때에는 주 15시간을 한 월급으로 계산을 하는게 맞나요 아니면 실근무시간으로 계산하는게 맞는건가요?,콜센터,고객님 안녕하십니까? 근로복지공단 콜센터입니다. 먼저 근로복지공단에 대한 고객님의 관심에 깊이 감사드립니다. 근로복지공단은 고용·산재보험 가입·부과·피보험자 관리 및 산재 보상·요양·재활·의료서비스 업무와 그 외 일자리안정자금지원 등의 일부 복지업무를 수행하고 있습니다. 고객님께서 문의하신 근로자분의 퇴직금 계산과 관련한 업무는 고용노동부에서 관할하는 업무로 안타깝게도 안내드릴 수 없는 업무임을 양해해 주시기 바랍니다.  번거로우시겠지만 고용노동부 대표전화 ☎1350(국번없음) 또는 고용노동부 홈페이지 (http://www.moel.go.kr) [경로: 민원 >민원마당 바로가기 >민원신청 >빠른인터넷상담]을 이용하시어 문의해 주시기 바랍니다.   그외 근로복지공단 업무가 있으시면 근로복지공단콜센터(☎1588-0075)로 전화주시면 성심 성의껏 답변해 드리겠습니다. 감사합니다.   오늘도 행복한 하루 보내시길 바랍니다.  ※ 인터넷 질의응답은 법적인 효력을 갖는 결정이나 판단이 아니므로 각종 권리 주장의 근거 또는 증거 자료등으로 사용할 수 없으니 참고하시기 바랍니다.
16,182173,공개,퇴직연금 가입절차문의건,2020-07-23,이**,복지연금국,처리완료,수고 많으십니다.  종업원 5명정도의 중소업체 입니다.이번에퇴직연금을 가입하려고 합니다. 절차와 준비서류 를 알고싶습니다.~,복지연금국,안녕하세요! 고객님!근로복지공단 퇴직연금에 관심가져주셔서 감사드립니다.30인이하 사업장이라면 공단 퇴직연금에 가입 하실 수 있어유선으로 안내드렸으며 기타 문의 사항은 고객님 사업장이 속한 근로복지공단 화성지사(퇴직연금 담당 031-547-4707)에서자세한 상담 가능함을 알려드립니다.좋은 하루되세요! 감사합니다.
17,182170,공개,소액체당금 관련문의,2020-07-23,이**,콜센터,처리완료,6년간 일했던 회사에서 퇴직금을 받지 못하여 노동부에 신고를 하였고 대한법률사무소를 통하여 소액체당금 신청을 했고 승소를 하여 근로복지공단으로 넘어갔습니다.  4대보험이 되지 않아 기간이 오래 걸린다는 이야기를 들었고 일했던 사장님이 빨리 받을 수 있게 도와준다고 산재보험을 가입해준다고 하였으나  그곳에서 사자아님에게 그렇게 되면 부담되는 금액을 모두 납부하고 반을 근로자에게 청구하라고 했다고 하더군요; 서로가 손해를 보니 신고한 저와 합의를 해서 취하를 하는쪽으로 하라고  담당자가 이런말을 할 수 있는건가요?  왜 담당자가 근로자가 아닌 임금을 체불한 사업주에 편을 들면서 말을 하죠?? 산재보험 여부는 사업자가 모두 부담하는 걸로 알고 있는데 제게 왜 반을 청구하라고 한거죠?,콜센터,[기타] 182182건과 동일건으로 민원인이 담당자와 통화하여 인터넷민원 제출건 삭제요청으로 내부처리함 (이로인한 사유로 내부처리되었습니다.)
18,181793,공개,"출산휴가, 육아휴직 퇴직적립 문의",2020-07-13,박**,복지연금국,처리완료,"출산휴가, 육아휴직 퇴직적립에 관한 문의 드립니다.  출산휴가, 육아휴직 이어서 사용할 예정입니다.  출산휴가(2020.12.01~2021.02.28) 육아휴직(2021.03.01~2022.02.28)  육아휴직 시 육아휴직자, 육아휴직 대체자 두 분다 퇴직적립을 해야 하는 건가요?  우선지원대상기업인데 퇴직적립금에 대한 지원금이 있나요?  올 해 퇴직적립금과 내년 퇴직적립금액이 동일한가요?",복지연금국,고객님께서 문의하신 내용은 유선연락으로 답변드렸습니다. 기타 궁금한 사항이 있으시면 근로복지공단 콜센터(☎1661-0075)로 전화를 주시면 성심 성의껏 답변해 드리겠습니다. 이용해 주셔서 감사합니다. 오늘도 행복한 하루 보내시길 바랍니다. ※ 인터넷 질의응답은 법적인 효력을 갖는 결정이나 판단이 아니므로 각종 권리 주장의 근거 또는 증거 자료등으로 사용할 수 없으니 참고하시기 바랍니다.
19,181791,공개,"출산휴가, 육아휴직 시 퇴직금 적립은...",2020-07-13,박**,복지연금국,처리완료,올 해 출산휴가와 육아휴직을 이어서 들어갈 예정인데 퇴직금 적립은 어떻게 되는지 문의 합니다.   육아휴직 후 퇴사하였을 때 퇴직금 산정방법도 답변 바랍니다.,복지연금국,고객님께서 문의하신 내용은 유선연락으로 답변드렸습니다. 기타 궁금한 사항이 있으시면 근로복지공단 콜센터(☎1661-0075)로 전화를 주시면 성심 성의껏 답변해 드리겠습니다. 이용해 주셔서 감사합니다. 오늘도 행복한 하루 보내시길 바랍니다. ※ 인터넷 질의응답은 법적인 효력을 갖는 결정이나 판단이 아니므로 각종 권리 주장의 근거 또는 증거 자료등으로 사용할 수 없으니 참고하시기 바랍니다.
20,181700,공개,퇴직연금 가입 문의,2020-07-09,정**,복지연금국,처리완료,사업자 주소지는 군산시 대야면입니다.,복지연금국,고객님께서 문의하신 내용은 유선연락으로 답변드렸습니다. 기타 궁금한 사항이 있으시면 근로복지공단 콜센터(☎1661-0075)로 전화를 주시면 성심 성의껏 답변해 드리겠습니다. 이용해 주셔서 감사합니다. 오늘도 행복한 하루 보내시길 바랍니다. ※ 인터넷 질의응답은 법적인 효력을 갖는 결정이나 판단이 아니므로 각종 권리 주장의 근거 또는 증거 자료등으로 사용할 수 없으니 참고하시기 바랍니다.
21,181684,공개,회사 내 규정에 의한 100번쓰기 부...,2020-07-09,이**,콜센터,처리완료,"저희 회사는 지정한 sop이나 매뉴얼을 위반하면 재 실수 방지를 위한 100번쓰기를 부가합니다. 이 사항을 불이행할시 1차 위반으로 200번으로 증가, 3사시 해당 매장 인원 인센티브가 없어집니다. 이 사항이 합법인지 궁금하며 합법일시 법정 의무교육 1주일 전에 이수하지 못한 이유로 100번쓰기 부가가 합당한지 궁금합니다",콜센터,고객님 안녕하십니까?근로복지공단 콜센터입니다.먼저 근로복지공단에 대한 고객님의 관심에 깊이 감사드립니다. 고객님께서 문의하신 회사내 규정 합당한지 문의에 관련한 내용은 안타깝게도 저희 공단에서 안내드릴 수 없는 업무임을 양해해 주시기 바랍니다. ★ 고객님께서 문의주신 내용은 근로기준법 관련한 내용으로 고용노동부 관할업무입니다.  번거로우시겠지만 아래와 같은 방법으로 고용노동부로 다시 한번 문의하시기 바랍니다.    - 전화 문의 : 고용노동부 고객상담센터 (국번 없이 1350) - 인터넷 문의 : 고용노동부 홈페이지(www.moel.go.kr) >민원마당 >민원신청 >빠른 인터넷상담 근로복지공단은 고용·산재보험 가입·부과·피보험자 관리 및 산재 보상·요양·재활·의료서비스 업무와 그 외 일자리안정자금지원 등의 일부 복지업무를 수행하고 있습니다.저희 공단 업무와 관련된 기타 궁금한 사항이 있으시면근로복지공단 콜센터(☎1588-0075)로 전화를 주시면 성심 성의껏 답변해 드리겠습니다.이용해 주셔서 감사합니다. 오늘도 행복한 하루 보내시길 바랍니다. ※ 인터넷 질의응답은 법적인 효력을 갖는 결정이나 판단이 아니므로 각종 권리 주장의 근거 또는 증거 자료등으로 사용할 수 없으니 참고하시기 바랍니다.
22,181412,공개,퇴직연금 가입 에 대해 궁금합니다,2020-07-02,이**,복지연금국,처리완료,전화주세요,복지연금국,고객님께서 문의하신 내용은 유선연락으로 답변드렸습니다. 기타 궁금한 사항이 있으시면 근로복지공단 콜센터(☎1661-0075)로 전화를 주시면 성심 성의껏 답변해 드리겠습니다. 이용해 주셔서 감사합니다. 오늘도 행복한 하루 보내시길 바랍니다. ※ 인터넷 질의응답은 법적인 효력을 갖는 결정이나 판단이 아니므로 각종 권리 주장의 근거 또는 증거 자료등으로 사용할 수 없으니 참고하시기 바랍니다.
23,181189,공개,연가가 어떡해 산정되는지 알고싶습니다...,2020-06-26,최**,콜센터,처리완료,"2015년 4월 8일 입사 2017년 7월 1일 ~ 2018년 3월 31일까지 3개월 출산, 6개월 육아휴직 2018년 4월 1일 복직 ~근무 2019년 3월 1일 육아휴직 6개월 + 회사에서 준 육아에 관한 휴직 6개월 2020년 3월 1일 복직 ~근무 저는 전년도(2019년) 2개월 근무 6개월 육아휴직, 4개월 휴직을 사용하였기때문에 올해 2020년 2개월 휴직하였기때문에 올해 2020년은  연차가 없는건가요?",콜센터,고객님 안녕하십니까? 근로복지공단 콜센터입니다. 먼저 근로복지공단에 대한 고객님의 관심에 깊이 감사드립니다. 근로복지공단은 고용·산재보험 가입·부과·피보험자 관리 및 산재 보상·요양·재활·의료서비스 업무와 그 외 일자리안정자금지원 등의 일부 복지업무를 수행하고 있습니다. 고객님께서 문의하신 연차일수와 관련한 업무는 근로기준법에 관련된 내용으로 고용노동부에서 관할하고 있어 안타깝게도 안내드릴 수 없는 업무임을 양해해 주시기 바랍니다.  번거로우시겠지만 고용노동부 대표전화 ☎1350(국번없음) 또는 고용노동부 홈페이지 (http://www.moel.go.kr) [경로: 민원 >민원마당 바로가기 >민원신청 >빠른인터넷상담]을 이용하시어 문의해 주시기 바랍니다.   그외 근로복지공단 업무가 있으시면 근로복지공단콜센터(☎1588-0075)로 전화주시면 성심 성의껏 답변해 드리겠습니다. 감사합니다.   오늘도 행복한 하루 보내시길 바랍니다.  ※ 인터넷 질의응답은 법적인 효력을 갖는 결정이나 판단이 아니므로 각종 권리 주장의 근거 또는 증거 자료등으로 사용할 수 없으니 참고하시기 바랍니다.
24,181084,공개,퇴직금지급신청 날짜변경으로 취소하고 ...,2020-06-24,유**,복지연금국,처리완료,퇴직금지급신청을 했는데요 날짜변경으로 우선 취소를 하고 싶어서 상담 남깁니다 연락부탁드려요 근로자도 동의한 부분입니다.,복지연금국,고객님께서 문의하신 내용은 유선연락으로 답변드렸습니다. 기타 궁금한 사항이 있으시면 근로복지공단 콜센터(☎1661-0075)로 전화를 주시면 성심 성의껏 답변해 드리겠습니다. 이용해 주셔서 감사합니다. 오늘도 행복한 하루 보내시길 바랍니다. ※ 인터넷 질의응답은 법적인 효력을 갖는 결정이나 판단이 아니므로 각종 권리 주장의 근거 또는 증거 자료등으로 사용할 수 없으니 참고하시기 바랍니다.
25,181018,공개,이직확인서,2020-06-22,강**,콜센터,처리완료,안녕하세요. 일하시던분이 그만두게되어 실업급여신처청 해드려야하는데 이직확인서와 상실신고서를 접수해야한디던데 인터넷이나 팩스로는 접수가 안되나요?,콜센터,"고객님 안녕하십니까? 근로복지공단 콜센터입니다. 먼저 근로복지공단에 대한 고객님의 관심에 깊이 감사드립니다. 인터넷상담에서는 직접적인 업무처리를 하지 않고, 일반적인 기준에 대해 안내가 가능하여 고객님께서 문의하신 내용과 같이 개인정보확인(주민번호, 사업장명 등)이 필요한 사항은 개인정보 강화로 인해 확인안내 대신 경로안내로 대신 하는 점 양해 부탁드립니다. ■ 온라인 ▣ 고용산재토탈서비스 http://total.kcomwel.or.kr 근로복지공단 토탈서비스(total.kcomwel.or.kr) 접속> 공인인증서로 사업장 로그인> 민원접수/신고> 자격관리> 고용종료신고/ 피보험자 이직확인. 로 온라인 접수 가능합니다. 2. 서면신고 방법 ▶ 지사 찾기 : 근로복지공단홈페이지 → (좌측 상단) 공단소개 → 조직안내 →지역본부 및 지사에서 사업장 관할 지역본부 및 지사 연락처 등을 상세하게 검색 가능합니다. ★ 위의 답변으로 고객님의 궁금증이 해소되었기를 바라며, 답변이 충분하지 않았거나 기타 궁금한 사항이 있으시면 사업장 관할 우리 공단 소속기관 가입지원부 또는 근로복지공단콜센터(☎1588-0075)로 전화주시면 성심 성의껏 답변해 드리겠습니다. 감사합니다.  오늘도 행복한 하루 보내시길 바랍니다. ※ 인터넷 질의응답은 법적인 효력을 갖는 결정이나 판단이 아니므로 각종 권리 주장의 근거 또는 증거 자료등으로 사용할 수 없으니 참고하시기 바랍니다  "
26,180997,공개,산재로 상해를 입고 교육중입니다.,2020-06-22,서**,콜센터,처리완료,"경기도 일자리재단에서 시행중인 경기산업기술교육에서 교육을 받고 있습니다. 상기 민원인은 산재로 상해를 입어 다리에 장해가 남은 상태로 기존 직장에서는 일을 더이상 할 수가 없어서 8개월째 소프트웨어 교육을 받는 중입니다. 생활비가 매우 부족하여 직업훈련 생계비 대출을 신청하였으나, 해당기관은 대출 해당이 안된다는 답변이 돌아 왔습니다. 상당히 부당한 것 같아서 민원을 올립니다. 도움 부탁드립니다",콜센터,"고객님 안녕하십니까?근로복지공단 콜센터입니다.먼저 고객님의 힘든 상황에 대하여 매우 안타깝게 생각하며, 진심으로 위로의 말씀을 드립니다.직업훈련생계비 대부 대상 훈련은 아래와 같습니다.▶ 직업훈련대부대상 훈련- 고용노동부에서 인정하는 훈련과정으로서 3주(21일) 이상의 훈련과정※ 개별 훈련 사이의 공백 기간이 7일 이내인 훈련은 총합산 훈련기간이 3주 (인터넷 원격 훈련의 경우 32시간) 이상인 경우를 포함.① 직업능력개발계좌제, 국가기간·전략산업직종훈련, 사업주 직업능력발훈련, 폴리텍 기능사 과정 등 「근로자직업능력개발법」에 의해 지원되는 훈련과정② 국가인적자원개발컨소시엄 등 「고용보험법」에 의해 지원되는 훈련과정③ 지방자치단체의 장이 직업능력개발훈련을 위하여 설치한 공공직업훈련시설에서 취업을 목적으로 실시하는 훈련④ 건설근로자공제회에서 건설일용근로자의 기능 향상을 위하여 실시하는 훈련⑤ 「산업재해보상보험법」 제72조 및 제92조 중 어느 하나에 해당하는 훈련⑥ 「장애인고용촉진 및 직업재활법」 제11조 및 제12조 중 어느 하나에 해당하는 훈련▶ 훈련과정의 확인 방법 내일배움카드제 훈련 등 고용노동부 훈련과정 : www.hrd.go.kr 사이버상담실은 일반적인 기준 사항에 대해서 상담 드리는 기관으로서 개별 사례의 구체적인 사실관계 조사 및 관련서류 검토가 필요하며, 이러한 확인 및 검토 업무는 사업장 관할 우리 공단에서 직접 수행함에 따라 사이버상담실은 이에 대한 직접적인 최종 판단까지는 내려드릴 수 없음을 양해해 주시기 바랍니다. ■ 산업재해로 장해등급을 받은 산재근로자 대상 생활안정자금 융자사업이 있어 더불어 안내드립니다.1. 대상 :  근로복지공단에서 산업재해로 인정받은 근로자중  ① 융자대상 소득기준 신설 : 산재근로자 생활안정자금 융자 대상자의 월평균소득이 보건복지부장관이 고시하는 3인 가구 기준 중위소득 이하인 자    * 2020년 보건복지부 고시 3인 가구기준 중위소득 3,807,577원(보건복지부고시 제 2019-173호) ② 산재사망근로자의 유족중 수급권 1순위자 , 상병보상연금수급자 ③ 산재장해등급 1 ~ 9급 판정자,장해등급1~3급판정자와 상병보상연금수급자의 배우자, 자녀,부모 ④ 사업자금의 경우 『산재근로자 직업복귀촉진을 위한 지원규정』에 의한 지원대상자 ⑤ 5년이상 요양중인 이황화 탄소(cs2 질병판정자) ⑥ 3개월이상 요양중인 산재근로자로서 평균임금이 최저임금 이하인자(의료비,혼례비,장례비에 한함)2. 융자한도 : 의료비, 혼례비, 장례비,취업안정자금 = 1,000만원, 차량구입비, 주택이전비, 사업자금 = 1,500만원3. 융자이율 : 연리 1.25%(보증료 연 0.7%)4. 상환기간 : 5년이내 (2년거치 3년 균등분할 상환)※'19.3.1. 신청접수자부터 1년거치 4년원리금균등분할 , 2년거치 3년원리금균등분할, 3년거치 2년원리금균등분할 상환 3가지 중 선택 가능5. 신청기한 : ① 의료비 : 진료일 또는 의료비 납부일로 부터 1년이내② 혼례비 : 결혼일  전·후 90일 이내 또는 혼인신고일 부터 90일 이내③ 장례비 : 사망일로 부터 90일 이내④ 차량구입비 : 소유권등록일 (또는 차량매매계약일)부터 90일 이내⑤ 주택이전비 : 임대차계약일 또는 전입일부터 90일 이내⑥ 사업자금 : 운영자금소요 발생일부터 90일 이내⑦ 취업안정자금 : 직장복귀일로부터 1년 이내기타 궁금한 사항이 있으시면 근로복지공단 콜센터(☎1588-0075)로 전화를 주시면 성심 성의껏 답변해 드리겠습니다.이용해 주셔서 감사합니다. 오늘도 행복한 하루 보내시길 바랍니다.※ 인터넷 질의응답은 법적인 효력을 갖는 결정이나 판단이 아니므로 각종 권리 주장의 근거 또는 증거 자료등으로 사용할 수 없으니 참고하시기 바랍니다."
27,180938,공개,상속포기시 퇴직연금 수령 가능여부,2020-06-19,김**,복지연금국,처리완료,"아버님이 법인대표로 있으셨고, 근로복지공단 퇴직연금에 가입되어계셨던 것으로 알고있습니다.  아버님 사망후 상속포기를 하였지만 퇴직연금은 상속포기여부와 관계없이 수령가능하다고   들었습니다. 퇴직연금 수령가능여부 확인 부탁드리며, 수령이 가능하다면 어떠한 절차를   거쳐야 하는지도 말씀부탁드립니다.",복지연금국,"퇴직금 등은 관련 법률상 유족연금으로 규정되어 있다면 상속재산에 포함되지 않지만, 그렇지 않은 경우라면 상속재산에 포함되어 상속포기를 한 경우 수령할 수 없습니다.기타 궁금한 사항이 있으시면 근로복지공단 콜센터(☎1661-0075)로 전화를 주시면 성심 성의껏 답변해 드리겠습니다. 이용해 주셔서 감사합니다. 오늘도 행복한 하루 보내시길 바랍니다. ※ 인터넷 질의응답은 법적인 효력을 갖는 결정이나 판단이 아니므로 각종 권리 주장의 근거 또는 증거 자료등으로 사용할 수 없으니 참고하시기 바랍니다."
28,180745,공개,"퇴직금제도, 퇴직연금제도 동시에 운용...",2020-06-15,강**,복지연금국,처리완료,회사에서 퇴직금 제도와 퇴직연금제도를 동시에 운용하면서 직원들이 원하는 제도로 선택할수 있게끔 하고자 하는데요. 가능할까요>,복지연금국,고객님께서 문의하신 내용은 유선연락으로 답변드렸습니다. 기타 궁금한 사항이 있으시면 근로복지공단 콜센터(☎1661-0075)로 전화를 주시면 성심 성의껏 답변해 드리겠습니다. 이용해 주셔서 감사합니다. 오늘도 행복한 하루 보내시길 바랍니다. ※ 인터넷 질의응답은 법적인 효력을 갖는 결정이나 판단이 아니므로 각종 권리 주장의 근거 또는 증거 자료등으로 사용할 수 없으니 참고하시기 바랍니다.
29,180575,공개,이직시 운용지시한 퇴직금에 관해,2020-06-10,오**,복지연금국,처리완료,이직으로 인해 퇴직연금 이전시 기존에 근로복지공단 상품중 하나로 운용지시해놓은 상태일경우(ex.삼성한국형 TDF2045펀드..) 해당 상품이 자동으로 매도처리되어 새로운 퇴직연금 사업장으로 이전되나요? 아니면 근로자가 직접 매도지시를 내려 현금으로 환전후에 이전 및 출금하도록 되있나요?,복지연금국,고객님께서 문의하신 내용은 유선연락으로 답변드렸습니다. 기타 궁금한 사항이 있으시면 근로복지공단 콜센터(☎1661-0075)로 전화를 주시면 성심 성의껏 답변해 드리겠습니다. 이용해 주셔서 감사합니다. 오늘도 행복한 하루 보내시길 바랍니다. ※ 인터넷 질의응답은 법적인 효력을 갖는 결정이나 판단이 아니므로 각종 권리 주장의 근거 또는 증거 자료등으로 사용할 수 없으니 참고하시기 바랍니다.
30,180376,공개,퇴직연금 종목변경에 관한 건,2020-06-04,이**,복지연금국,처리완료,안녕하세요~ 수고하십니다 현재 퇴직연금이 가입되어 있는데 DC형으로 되어 있는 것으로 알고 있습니다  주식형 펀드 등 퇴직연금을 적극적으로 활용하는  종목으로 되어 있는지 확인하고 싶습니다 연락주세요  감사합니다,복지연금국,고객님께서 문의하신 내용은 유선연락으로 답변드렸습니다. 기타 궁금한 사항이 있으시면 근로복지공단 콜센터(☎1661-0075)로 전화를 주시면 성심 성의껏 답변해 드리겠습니다. 이용해 주셔서 감사합니다. 오늘도 행복한 하루 보내시길 바랍니다. ※ 인터넷 질의응답은 법적인 효력을 갖는 결정이나 판단이 아니므로 각종 권리 주장의 근거 또는 증거 자료등으로 사용할 수 없으니 참고하시기 바랍니다.
31,180204,공개,퇴직연금 수령 관련 질문,2020-06-01,박**,복지연금국,처리완료,"작년 1월 1일 입사했습니다. 회사에서 1월부터 9월30일까지의 제 퇴직금을 kb은행 연금에 10월 1일에 가입하며, 한꺼번에 납부했다고 합니다. 제가 5월 31일부로 퇴사를 했는데, 연금 가입이 10월 1일이라서 퇴사는 했지만 퇴직금은 10월 1일이 돼야 받을 수 있다고 그럽니다. 사실인가요? 그렇다면 저같은 경우는 어떻게 해야 하나요?",복지연금국,고객님께서 문의하신 내용은 유선연락으로 답변드렸습니다. 기타 궁금한 사항이 있으시면 근로복지공단 콜센터(☎1661-0075)로 전화를 주시면 성심 성의껏 답변해 드리겠습니다. 이용해 주셔서 감사합니다. 오늘도 행복한 하루 보내시길 바랍니다. ※ 인터넷 질의응답은 법적인 효력을 갖는 결정이나 판단이 아니므로 각종 권리 주장의 근거 또는 증거 자료등으로 사용할 수 없으니 참고하시기 바랍니다.
32,180196,공개,<계약기간만료>로 고용보험 상실 신고...,2020-06-01,김**,콜센터,처리완료,"안녕하세요? 우리 기관은 노인장기요양법에 따라 요양보호사를 고용하여 어르신들께 방문요양 급여를 제공하는 노인장기요양기관입니다. 국민건강보험공단에서 발급하는 노인장기요양인정서를 보유한 어르신들을 대상으로 우리 기관에 소속된 요양보호사를 파견하여 하루 3시간 정도의 방문요양 급여를 제공하고 이에 대한 급여 비용을 공단으로부터 지급받아 운영되고 있습니다. 요양보호사와 우리 기관은 노인장기요양인정서 상의 유효기간(1년~3년) 동안, 주 5~6일, 하루 3시간 정도의 방문요양 급여를 제공하는 것을 내용으로 하는 <단시간근로계약서>를 체결하고 있습니다.  1. 대상자 어르신의 사망, 수급 거부 등의 사유로 계약 유지가 어려워 요양보호사와 계약 해지하고 고용보험 상실 신고 시 상실사유 32번 <계약기간 만료>로 처리하는 것이 올바른 것인지, 그리고 이렇게 하는 경우 실업급여 및 일자리안정자금 수급에 문제가 없는 것인지 알고 싶습니다.  2. 계약직의 경우 근로계약이 갱신되어 2년 이상 계속 근무하는 경우 <무기계약직>으로 변동되는 것으로 알고 있습니다. 무기계약직의 경우에도 위 1번과 같은 상황에서 <계약기간 만료> 사유로 상실 신고해도 되는지, 그리고 실업급여 및 일자리안정자금 수급 자격에 문제가 없는지 알려주시기 바랍니다.",콜센터,"고객님 안녕하십니까? 근로복지공단 콜센터입니다. 먼저 근로복지공단에 대한 고객님의 관심에 깊이 감사드립니다. 사이버상담실은 일반적인 기준 사항에 대해서 상담 드리는 기관으로서 개별 사업장의 구체적인 사실관계 조사 및 관련서류 검토가 필요하며, 이러한 확인 및 검토 업무는 사업장 관할 우리 공단에서 직접 수행함에 따라 사이버상담실은 이에 대한 직접적인 최종 판단까지는 내려드릴 수 없음을 양해해 주시기 바랍니다.1. 대상자 어르신의 사망, 수급 거부 등의 사유로 계약 유지가 어려워 요양보호사와 계약 해지하고 고용보험 상실 신고 시 상실사유 32번 <계약기간 만료>로 처리하는 것이 올바른 것인지, 그리고 이렇게 하는 경우 실업급여 및 일자리안정자금 수급에 문제가 없는 것인지 알고 싶습니다. ->계약기간의만료라함은 기간의 정함이 있는 계약으로 근로계약서상 계약종료일까지 일을 하고 그만두게 된경우에 해당하며, 단순한 위의 내용만으로는 사업장의 사유(23)에 하는듯 보여집니다. 계약만료는 일자리지원금과 상관없지만 경영상은 일자리 지원이 중지됩니다. 2. 계약직의 경우 근로계약이 갱신되어 2년 이상 계속 근무하는 경우 <무기계약직>으로 변동되는 것으로 알고 있습니다. 무기계약직의 경우에도 위 1번과 같은 상황에서 <계약기간 만료> 사유로 상실 신고해도 되는지, 그리고 실업급여 및 일자리안정자금 수급 자격에 문제가 없는지 알려주시기 바랍니다.->2년을 초과하여 기간제 근로자를 사용하는 경우에는 기간의 정함이 없는 근로자로 보도록 규정하고 있어 계약기간만료로 상실할수 없습니다. 궁금한 사항이 있으시면 근로복지공단 콜센터(☎1588-0075)로 전화 주시면 성심성의껏 답변해 드리겠습니다.이용해 주셔서 감사합니다. 오늘도 행복한 하루 보내시길 바랍니다.※ 인터넷 질의응답은 법적인 효력을 갖는 결정이나 판단이 아니므로 각종 권리 주장의 근거 또는 증거 자료 등으로 사용할 수 없으니 참고하시기 바랍니다.   "
33,179886,공개,종소세 신고해야하는데 산재보험 납부확...,2020-05-23,윤**,콜센터,처리완료,고용보험음 없고 산재보험 납부하고 있는데 납부 확인서를 도저히 못찾겠어요. 메일로 보내주세요.,콜센터,"고객님 안녕하십니까? 근로복지공단 콜센터입니다. 먼저 근로복지공단에 대한 고객님의 관심에 깊이 감사드립니다. 현재 공단 업무 폭주로 인하여 상담업무가 상당히 지연되고 있으므로 고객님의 너그러운 이해 부탁드리며, 답변이 늦어진 점 대단히 죄송합니다.  종합소득세 신고를 위한 보험료 납부된 내역을 확인 or 발급하신다면, 인터넷상담은 직접 민원업무 처리를 하지 않으며 신원확인이 불가하므로 서류발급업무를 하지 않습니다 고객님께서 문의주신 납부확인서는 토탈서비스를 통해서 직접 조회, 발급가능서류이며, 경로 안내 해드립니다. 고용 산재보험료는 사업장이 보험료 주체이므로 납부내역은 사업장으로만 확인 가능하며, 근로자 개인은 보험료가 얼마 부과되었었는지만 확인 가능합니다. 확인 경로는, 근로복지공단 토탈서비스(total.kcomwel.or.kr) 접속> 공인인증서로 일반근로자 로그인> 정보조회> 보험료정보 조회> 개인별 부과고지보험료 조회. 입니다. 기타 궁금한 사항이 있으시면 근로복지공단 콜센터(☎1588-0075)로 전화를 주시면 성심 성의껏 답변해 드리겠습니다. 이용해 주셔서 감사합니다. 오늘도 행복한 하루 보내시길 바랍니다. ※ 인터넷 질의응답은 법적인 효력을 갖는 결정이나 판단이 아니므로 각종 권리 주장의 근거 또는 증거 자료등으로 사용할 수 없으니 참고하시기 바랍니다."
34,179847,공개,가입자운용비율등록이 되지 않습니다,2020-05-22,문**,복지연금국,처리완료,1. 홈페이지의 [운용지시] > [가입자운용비율등록] 메뉴 2. 비율 조정 후 [저장] 3. (alert)운용비율을 저장하시겠습니까? > [확인] 4. (alert)고객이 선택한 운용상품과 입력 내용이 일치합니까? > [확인] 5. 오류가 발생했습니다. 시스템관리자에게 문의 바랍니다.  위와 같은 현상이 나타납니다. 전화로 문의했는데 홈페이지 담당하는 곳으로 전화하라고 전화번호를 안내 받았습니다. 안내받은 곳으로 전화했는데 ARS로 전화를 받을 수 없다고만 나오고 곧바로 자동으로 끊어집니다.  도와주세요.,복지연금국,고객님께서 문의하신 내용은 유선연락으로 답변드렸습니다. 기타 궁금한 사항이 있으시면 근로복지공단 콜센터(☎1661-0075)로 전화를 주시면 성심 성의껏 답변해 드리겠습니다. 이용해 주셔서 감사합니다. 오늘도 행복한 하루 보내시길 바랍니다. ※ 인터넷 질의응답은 법적인 효력을 갖는 결정이나 판단이 아니므로 각종 권리 주장의 근거 또는 증거 자료등으로 사용할 수 없으니 참고하시기 바랍니다.
35,179845,공개,권고사직으로 인한 실여급및 퇴직금 수...,2020-05-22,이**,콜센터,처리완료,이번에 직장에서 권고사직을 받았는데 제가 실여급이나 퇴직금 수령가능 한지 알고 싶습니다.,콜센터,"고객님 안녕하십니까? 근로복지공단 콜센터입니다. 먼저 근로복지공단에 대한 고객님의 관심에 깊이 감사드립니다.근로복지공단은 고용보험 및 산재보험의 가입, 부과, 피보험자고용정보관리 및 산재보상, 요양, 재활 업무와 그 외 일부 복지업무를 수행하고 있습니다.  고객님께서 문의하신 실업급여수급자격 및 퇴직금 관련내용은 「근로기준법」에 근거한 고용노동부 소관업무로, 번거로우시겠지만 아래의 경로를 통해 다시금 고용노동부로 문의하셔서 안내받으시기 바랍니다.   ■ 전 화 : (고객상담센터) 국번 없이 1350   ■ 인터넷 : 민원마당(minwon.moel.go.kr) > 민원신청 > 빠른인터넷상담   기타 궁금한 사항이 있으시면 근로복지공단 콜센터(☎1588-0075)로 전화를 주시면 성심 성의껏 답변해 드리겠습니다.   감사합니다. 고객님의 가정에 기쁨과 행복이 늘 함께 하길 기원하겠습니다.  ※ 인터넷 질의응답은 법적인 효력을 갖는 결정이나 판단이 아니므로 각종 권리 주장의 근거 또는 증거 자료 등으로 사용할 수 없으니 참고하시길 바랍니다. "
36,179491,공개,퇴직연금 관련하여 문의합니다.,2020-05-18,우**,복지연금국,처리완료,퇴직연금 DB형 가입중입 회사입니다.  퇴사자 퇴직금산정할때 인센티브를 반영할 예정입니다.  기존 퇴직금은 퇴직연금(개인irp)으로 지급하고  인센티브는 직접송금(개인급여통장)하려고 하는데 가능할까요?  원천신고할때 퇴직소득엔 퇴직금 + 인센티브 전체 반영할 예정입니다.,복지연금국,고객님께서 문의하신 내용은 유선연락으로 답변드렸습니다. 기타 궁금한 사항이 있으시면 근로복지공단 콜센터(☎1661-0075)로 전화를 주시면 성심 성의껏 답변해 드리겠습니다. 이용해 주셔서 감사합니다. 오늘도 행복한 하루 보내시길 바랍니다. ※ 인터넷 질의응답은 법적인 효력을 갖는 결정이나 판단이 아니므로 각종 권리 주장의 근거 또는 증거 자료등으로 사용할 수 없으니 참고하시기 바랍니다.
37,179348,공개,육아휴직이 안된다면,2020-05-14,윤**,콜센터,처리완료,"안녕하세요. 이번에 작은 중소기업에서 근무하게 된 임산부입니다. 저를 채용해준 회사에 감사하지만 입사할 때 육아휴직이 안된다고 말씀하시더라구요. 근로자 5인 이상인 회사이고 근로자가 많이 없어 신고 시 저인 것을 알기 때문에, 그리고 회사에 피해가 갈까봐 신고하고 싶지 않습니다.  4대보험 적용/ 정규직으로 근무하게 되었는데 8개월 후 출산 후 퇴직하게 된다면 육아휴직수당처럼 월마다 받을 수 있는 나라의 복지가 있나요? 그리고 권고사직이나 계약직이 아니라 실업급여는 못받는 것이 맞나요?",콜센터,"고객님 안녕하십니까? 근로복지공단 콜센터입니다. 먼저 근로복지공단에 대한 고객님의 관심에 깊이 감사드립니다. 현재 공단 업무 폭주로 인하여 상담업무가 상당히 지연되고 있으므로 고객님의 너그러운 이해 부탁드리며, 답변이 늦어진 점 대단히 죄송합니다.  고객님께서 문의하신 내용은 개인정보확인(주민번호, 사업장명 등) 이 필요한 사항으로 콜센터 또는 인터넷 문의는 상담에 다소 제한이 있음을 양지하여 주시기 바랍니다. 4대보험 적용/ 정규직으로 근무하게 되었는데 8개월 후 출산 후 퇴직하게 된다면 육아휴직수당처럼 월마다 받을 수 있는 나라의 복지가 있나요? ->인터넷 상담실에서는 고객님이 문의주신 내용에 대해서 안내를 해 드릴 수 없는 내용입니다(문의 내용에 대해서 알지 못하고 있습니다)그리고 권고사직이나 계약직이 아니라 실업급여는 못받는 것이 맞나요?_>퇴직사유가 출산.육아를 이유로 이직하는 경우는 개인사정으로 인한 자진퇴사에 해당하며 이런경우는 무조건 실업급여에 해당이 안되는 것은 아니고 고용노동부 수급팀에서 상실세부수급조건을 조사한 후 출산.육아가 로 인해 구직활동을 못하는 동안 수급기간에 대한 연장하는 방법등 으로 활용하는 것으로 알고 있습니다.자세한 사항은 고용노동부 수급팀과 상의 하셔야 합니다. 기타 궁금한 사항이 있으시면 근로복지공단 콜센터(☎1588-0075)로 전화를 주시면 성심 성의껏 답변해 드리겠습니다. 이용해 주셔서 감사합니다. 오늘도 행복한 하루 보내시길 바랍니다. ※ 인터넷 질의응답은 법적인 효력을 갖는 결정이나 판단이 아니므로 각종 권리 주장의 근거 또는 증거 자료등으로 사용할 수 없으니 참고하시기 바랍니다."
38,179279,공개,퇴직금,2020-05-13,이**,콜센터,처리완료,저는요양보호사로~지금일하는집에서1년이넘었습니다^^나라에서3등급어르신께주는~3시간말고~이댁에서추가로~하루에6시간씩일하고있는데여~하루에토탈9시간일하는거죠!혹시이댁에서도~퇴직금을받을수가있는건지알고싶습니다^^,콜센터,"고객님 안녕하십니까?근로복지공단 콜센터입니다.먼저 근로복지공단에 대한 고객님의 관심에 깊이 감사드립니다.현재 공단 업무량의 증가로 인하여 상담업무가 상당히 지연되고 있으므로 고객님의 너그러운 이해 부탁드리며, 답변이 늦어진 점 대단히 죄송합니다. 근로복지공단은 고용보험 및 산재보험의 가입, 부과, 피보험자고용정보관리 및 산재보상, 요양, 재활 업무와 그 외 일부 복지업무를 수행하고 있습니다.고객님께서 문의하신 퇴직금은 「근로기준법」에 근거한 고용노동부 소관업무로, 번거로우시겠지만 아래의 경로를 통해 다시금 고용노동부로 문의하셔서 안내받으시기 바랍니다.  ■ 전 화 : (고객상담센터) 국번 없이 1350  ■ 인터넷 : 민원마당(minwon.moel.go.kr) > 민원신청 > 빠른인터넷상담 기타 궁금한 사항이 있으시면 근로복지공단 콜센터(☎1588-0075)로 전화를 주시면 성심 성의껏 답변해 드리겠습니다. 감사합니다. 고객님의 가정에 기쁨과 행복이 늘 함께 하길 기원하겠습니다"
39,179158,공개,연가발생관련 문의,2020-05-12,안**,콜센터,처리완료,"19년 5월 1일 입사 당시에는 3명의 직원이 있었으며, 19년 8월 1일 부로 6명의 으로 인원이 변경되었습니다. 관련하여 1년 미만 입사 기준으로 8월부터 연가를 사용하고 있는데. 1년의 연차 발생 시점을 5월1일로 봐야 하는지, 8월 1일로 봐야 하는지 문의 드립니다.",콜센터,"고객님 안녕하십니까? 근로복지공단 콜센터입니다. 먼저 근로복지공단에 대한 고객님의 관심에 깊이 감사드립니다. 현재 공단 업무 폭주로 인하여 상담업무가 상당히 지연되고 있으므로 고객님의 너그러운 이해 부탁드리며, 답변이 늦어진 점 대단히 죄송합니다.  근로복지공단은 고용·산재보험 가입·부과·피보험자 관리 및 산재 보상·요양·재활·의료서비스 업무와 그 외 일자리안정자금지원 등의 일부 복지업무를 수행하고 있습니다. 고객님께서 문의하신 연차발생과 관련한 업무는 고용노동부에서 관할하는 업무로 안타깝게도 안내드릴 수 없는 업무임을 양해해 주시기 바랍니다.  번거로우시겠지만 고용노동부 대표전화 ☎1350(국번없음) 또는 고용노동부 홈페이지 (http://www.moel.go.kr) [경로: 민원 >민원마당 바로가기 >민원신청 >빠른인터넷상담]을 이용하시어 문의해 주시기 바랍니다.   그외 근로복지공단 업무가 있으시면 근로복지공단콜센터(☎1588-0075)로 전화주시면 성심 성의껏 답변해 드리겠습니다. 감사합니다.   오늘도 행복한 하루 보내시길 바랍니다.  ※ 인터넷 질의응답은 법적인 효력을 갖는 결정이나 판단이 아니므로 각종 권리 주장의 근거 또는 증거 자료등으로 사용할 수 없으니 참고하시기 바랍니다.  "
40,178849,공개,고용보험료가 너무 많이 나왔어요,2020-05-08,최**,콜센터,처리완료,원래 고용. 산재 합산해서 12000원 정도 나왔는데 이번달에 31240원이 나왔습니다. 내역을 보니 고용보험에 정산보험료 분할1차보험료가 많이 책정되어 있던데 이내역이 무엇인가요??,콜센터,"고객님 안녕하십니까? 근로복지공단 콜센터입니다.먼저 근로복지공단에 대한 고객님의 관심에 깊이 감사드립니다. 답변이 늦어져 죄송합니다.고용산재토탈서비스(http://total.kcomwel.or.kr) → 개인회원 로그인 → 정보조회>개인별 부과고지 보험료 조회에서 부과내역 확인이 가능합니다.매년 4월 보험료의 경우 전년도 정산보험료가 함께 부과되며, 이전 부과금액에 비해 큰폭의 변동이 있는 경우 사업장에서 신고하신 보수총액신고내용에 대한 확인이 필요합니다. 인터넷상담은 직접 민원업무 처리를 하지 않으며 일반적인 단순문의에만 답변 가능한 점 양해부탁드립니다. 개별적인 사안에 대한 보다 자세한 상담은 실제 업무를 수행하고 있는 관할지사 담당자에게 문의하시길 안내드립니다. - [근로복지공단 지사 찾기]근로복지공단홈페이지 → 조직안내 → 지역본부 및 지사 기타 궁금한 사항이 있으시면 근로복지공단 콜센터(☎1588-0075)로 전화를 주시면 성심 성의껏 답변해 드리겠습니다.이용해 주셔서 감사합니다. 오늘도 행복한 하루 보내시길 바랍니다. ※ 인터넷 질의응답은 법적인 효력을 갖는 결정이나 판단이 아니므로 각종 권리 주장의 근거 또는 증거 자료등으로 사용할 수 없으니 참고하시기 바랍니다.     "
41,178841,공개,실업수당,2020-05-08,곽**,콜센터,처리완료,현재 실직상태인데 실업급여 신청이 가능한지 가능항션 몇일분 해당가능한지 연락 부탁합니다,콜센터,고객님 안녕하십니까? 근로복지공단 콜센터입니다.먼저 근로복지공단에 대한 고객님의 관심에 깊이 감사드립니다. 실업급여 수급자격 관련 업무는 고용노동부에서 수행하고 있습니다. 번거로우시더라도 해당기관으로 문의주시기 바랍니다.- 대표번호: (국번없이)1350- 홈페이지: 민원마당(minwon.moel.go.kr)>민원신청>빠른인터넷상담 인터넷상담은 직접 민원업무 처리를 하지 않으며 일반적인 단순문의에만 답변 가능한 점 양해부탁드립니다. 기타 궁금한 사항이 있으시면 근로복지공단 콜센터(☎1588-0075)로 전화를 주시면 성심 성의껏 답변해 드리겠습니다. 이용해 주셔서 감사합니다. 오늘도 행복한 하루 보내시길 바랍니다. ※ 인터넷 질의응답은 법적인 효력을 갖는 결정이나 판단이 아니므로 각종 권리 주장의 근거 또는 증거 자료등으로 사용할 수 없으니 참고하시기 바랍니다. 
42,178778,공개,퇴직연금 중도인출시 개정된 의료비 관...,2020-05-07,이**,복지연금국,처리완료,안녕하세요  1. 퇴직연금 관련해 중도인출시 강화된 기준으로  가입자의 연간임금총액의 125/1000 초과인 경우만 중도인출이 가능한것도 변경되었다고 하는데  직장에서 세전금액 으로 기준하는건지요 아니면 세후 실제   수령금액을 기준으로  임금총액의 125/1000 초과인가요 ?  --- 2. 부양가족이라 함은 세대를 같이 하지는 않아도 부모님의 경우 해당되는지요 본인의 양가부모와 배우자의 부모 입니다.  ----- 3. 의료비 총액에 대해  각기 여러 병원에서 썼을텐데 일괄 로 서류를  증빙할수 잇는곳이 있나요? 예를 들어 건강보험 공단이라든지요,복지연금국,고객님께서 문의하신 내용은 유선연락으로 답변드렸습니다. 기타 궁금한 사항이 있으시면 근로복지공단 콜센터(☎1661-0075)로 전화를 주시면 성심 성의껏 답변해 드리겠습니다. 이용해 주셔서 감사합니다. 오늘도 행복한 하루 보내시길 바랍니다. ※ 인터넷 질의응답은 법적인 효력을 갖는 결정이나 판단이 아니므로 각종 권리 주장의 근거 또는 증거 자료등으로 사용할 수 없으니 참고하시기 바랍니다.
43,178596,공개,"이직확인서,상실신고서",2020-05-06,문**,콜센터,처리완료,퇴사하신분께서 실업급여때문에 이직신고 요청하셨는데 세무사에서 이직확인서랑 상실신고서를 받았습니다. 회사에서 이직신고를 해야한다는데 어떻게 해야할까요? 서류를 팩스로 보내면 처리가 안될까요?,콜센터,"고객님 안녕하십니까?근로복지공단 콜센터입니다.먼저 근로복지공단에 대한 고객님의 관심에 깊이 감사드립니다.상실신고서와 이직확인서는 각각 작성하셔서 사업장 관할 근로복지공단으로 팩스접수 or 온라인 접수 가능합니다.문의하신 팩스접수는,* 지사찾기 : 근로복지공단홈페이지(https://www.kcomwel.or.kr) → (좌측 상단) 공단소개 → 지역본부 및 지사. 에서 사업장 주소지로 확인된 관할지사 팩스번호 확인하셔서 팩스접수 해주시면 됩니다.온라인 접수는,근로복지공단 토탈서비스(total.kcomwel.or.kr) 접속> 공인인증서로 사업장 로그인> 민원접수/신고> 자격관리> 상실(고용종료)신고 & 피보험자 이직확인. 접수 해주시면 됩니다.위의 답변으로 고객님의 궁금증이 해소되었기를 바라며, 답변이 충분하지 않았거나 기타 궁금한 사항이 있으시면  근로복지공단 콜센터(☎1588-0075)로 전화주시면 성심 성의껏 답변해 드리겠습니다. 감사합니다. 행복한 하루 보내시길 바랍니다. ※ 인터넷 질의응답은 법적인 효력을 갖는 결정이나 판단이 아니므로 각종 권리 주장의 근거 또는 증거 자료등으로 사용할 수 없으니 참고하시기 바랍니다.  "
44,178489,공개,퇴직연금 지급상황을 알고 싶어요.,2020-05-06,김**,복지연금국,처리완료,"이전 직장에서 서류다 제출했고, 근로복지공단에서 처리중이라고 연락받앗는데요.  실제 퇴직금이 지급되는 일자가 궁금합니다.  홈페이지 조회시에도. 퇴직이라고만 되어있고,  진행사항이 아무것도 볼수가 없어요.  알려주시면 감사하겠습니다.",복지연금국,고객님께서 문의하신 내용은 유선연락으로 답변드렸습니다. 기타 궁금한 사항이 있으시면 근로복지공단 콜센터(☎1661-0075)로 전화를 주시면 성심 성의껏 답변해 드리겠습니다. 이용해 주셔서 감사합니다. 오늘도 행복한 하루 보내시길 바랍니다. ※ 인터넷 질의응답은 법적인 효력을 갖는 결정이나 판단이 아니므로 각종 권리 주장의 근거 또는 증거 자료등으로 사용할 수 없으니 참고하시기 바랍니다.
45,178475,공개,퇴직처리 및 퇴직연금 수령,2020-05-06,인**,콜센터,처리완료,건강보험 등 다 상실된거 같은데..  회사에서 아직 퇴직처리완료 메일이 공단에서 안와서 퇴직연금 지급이 늦어지고 있어요  진행과정을 알고 싶습니다,콜센터,"고객님 안녕하십니까? 근로복지공단 콜센터입니다.먼저 근로복지공단에 대한 고객님의 관심에 깊이 감사드립니다. 동일문의에 대해 5/6 유선상담완료하신 것으로 확인됩니다. 인터넷 상담은 일반적인 경우에 대한 안내를 하고 있으며, 개별적인 사안에 대한 보다 자세한 상담은 실제 업무를 수행하고 있는 관할지사 담당자에게 문의하시길 안내드립니다.- [근로복지공단 지사 찾기]근로복지공단홈페이지 → 조직안내 → 지역본부 및 지사 기타 궁금한 사항이 있으시면 근로복지공단 콜센터(☎1588-0075)로 전화를 주시면 성심 성의껏 답변해 드리겠습니다.이용해 주셔서 감사합니다. 오늘도 행복한 하루 보내시길 바랍니다. ※ 인터넷 질의응답은 법적인 효력을 갖는 결정이나 판단이 아니므로 각종 권리 주장의 근거 또는 증거 자료등으로 사용할 수 없으니 참고하시기 바랍니다. "
46,178468,공개,법인 퇴직연금 해지문의,2020-05-06,김**,복지연금국,처리완료,대표1인 법인입니다.퇴직연금DB형을 가입했는데 이번 코로나로 회사사정이 어려워 마지막 1명 남은 직원까지 퇴직했는데 그직원까지 퇴직연금 지원 하고 난다음 퇴직연금 해지 가능한가요? 혹 가능하다면 해지는 어떻게 해야 하나요?,복지연금국,고객님께서 문의하신 내용은 유선연락으로 답변드렸습니다. 기타 궁금한 사항이 있으시면 근로복지공단 콜센터(☎1661-0075)로 전화를 주시면 성심 성의껏 답변해 드리겠습니다. 이용해 주셔서 감사합니다. 오늘도 행복한 하루 보내시길 바랍니다. ※ 인터넷 질의응답은 법적인 효력을 갖는 결정이나 판단이 아니므로 각종 권리 주장의 근거 또는 증거 자료등으로 사용할 수 없으니 참고하시기 바랍니다.
47,178424,공개,퇴직연금 가입자 퇴사시 수정,2020-05-04,김**,콜센터,처리완료,"안녕하세요.   (주)웨이드  퇴직연금 DC형 가입 기업입니다.   가입자중에 퇴사하게 되었는데,   퇴사자는 어떻게 변경하고 처리해야되는지 홈페이지상에서 확인이 안되서 문의 사항 남깁니다.   답변 부탁드립니다.",콜센터,"고객님 안녕하십니까? 근로복지공단 콜센터입니다. 먼저 근로복지공단에 대한 고객님의 관심에 깊이 감사드립니다. 현재 공단 업무 폭주로 인하여 상담업무가 상당히 지연되고 있으므로 고객님의 너그러운 이해 부탁드리며, 답변이 늦어진 점 대단히 죄송합니다.  고객님께서 문의하신 내용은 개인정보확인(주민번호, 사업장명 등) 이 필요한 사항으로 콜센터 또는 인터넷 문의는 상담에 다소 제한이 있음을 양지하여 주시기 바랍니다. 고객님이 문의하신 토직연금가입자중 퇴사하여 퇴사자를 어떻게 변경하는지를 문의하셨는데 일반적인 답변을 드립니다.<별지제8호>퇴직연금 급여이전 신청서 작성하여 관할지사 팩스로 제출 하거나 홈페이지에서 전자민원창구-납입/지급-온라인지급신청 에서 1년이상 근로자면 지급으로 신청하고 1년 미만이면 사업장 반환으로 신청하시면 됩니다. 개별건에 대한 확인 및 상담은 관할지사로 연락주시면 자세한 상담이 가능합니다 * 지사찾기 : 근로복지공단홈페이지 → (좌측 상단) 공단소개 → 조직안내 → 지역본부 및 지사에서 사업장 관할 지역본부 및 지사 연락처(담당자) 등을 상세하게 검색 가능합니다.  기타 궁금한 사항이 있으시면 근로복지공단 콜센터(☎1588-0075)로 전화를 주시면 성심 성의껏 답변해 드리겠습니다. 이용해 주셔서 감사합니다. 오늘도 행복한 하루 보내시길 바랍니다. ※ 인터넷 질의응답은 법적인 효력을 갖는 결정이나 판단이 아니므로 각종 권리 주장의 근거 또는 증거 자료등으로 사용할 수 없으니 참고하시기 바랍니다"
48,178311,공개,"안녕하세요 연차휴가와 주휴수당, 상여...",2020-05-01,김**,콜센터,처리완료,"1. 주 5일 근무자입니다. 연차 20개를 연달아 사용하여(정규휴일 포함) 7월1일부터 30일까지 근무일수를 채울 경우, 7월 몇 주동안의 주휴수당이 발생하나요? 2. 6월30일까지 근무하고 퇴사하여 연차20개를 돈으로 바로 받는 것과, 7월1일~30일을 연차와 정규휴일로 실제 출근은 안 하고 퇴사일만 7월30일로 하는 것과 같은 수입인가요? 3.연차를 이용하여 월~일을 쉬는 것과, 화~월을 쉬는 것 두 가지 케이스의 경우 각각 주휴수당이 어떻게 처리되나요?  감사합니다 수고하세요!^^",콜센터,고객님 안녕하십니까? 근로복지공단 콜센터입니다.먼저 근로복지공단에 대한 고객님의 관심에 깊이 감사드립니다. 고객님께서 문의주신근로기준법 관련해서는 고용노동부에서 업무를 담당하고 있습니다. 번거로우시겠지만 아래의 경로에서 상담이 가능합니다.- 대표번호: (국번없이)1350- 홈페이지: 민원마당(minwon.moel.go.kr)>민원신청>빠른인터넷상담 바로 도움을 드리지 못해 죄송합니다.기타 궁금한 사항이 있으시면 근로복지공단 콜센터(☎1588-0075)로 전화를 주시면 성심 성의껏 답변해 드리겠습니다. 이용해 주셔서 감사합니다. 오늘도 행복한 하루 보내시길 바랍니다.※ 인터넷 질의응답은 법적인 효력을 갖는 결정이나 판단이 아니므로 각종 권리 주장의 근거 또는 증거 자료등으로 사용할 수 없으니 참고하시기 바랍니다. 
49,178217,공개,사업주 확인서 등록은 어떻게 하는건가...,2020-04-29,구**,콜센터,처리완료,안녕하세요 재단법인 지구촌미니스트리네트워크 법인 행정 담당자 구승규 라고 합니다.  저희 사업장 소속직원이 육아휴직급여 신청을 하려고 홈페이지를 들어갔는데 저희 사업장이 사업주 확인서 등록이 안되어있다고 해서 신청을 할 수 없었다고 합니다. 사업주 확인서 등록은 어떻게 하는건가요? 안내받을 수 있을까요?,콜센터,"고객님 안녕하십니까? 근로복지공단 콜센터입니다. 먼저 근로복지공단에 대한 고객님의 관심에 깊이 감사드립니다.근로복지공단은 고용보험 및 산재보험의 가입, 부과, 피보험자고용정보관리 및 산재보상, 요양, 재활 업무와 그 외 일부 복지업무를 수행하고 있습니다.  고객님께서 문의하신 육아휴직급여 신청 관련 내용은 「근로기준법」에 근거한 고용노동부 소관업무로, 번거로우시겠지만 아래의 경로를 통해 다시금 고용노동부로 문의하셔서 안내받으시기 바랍니다.   ■ 전 화 : (고객상담센터) 국번 없이 1350   ■ 인터넷 : 민원마당(minwon.moel.go.kr) > 민원신청 > 빠른인터넷상담  기타 궁금한 사항이 있으시면 근로복지공단 콜센터(☎1588-0075)로 전화를 주시면 성심 성의껏 답변해 드리겠습니다.  감사합니다. 고객님의 가정에 기쁨과 행복이 늘 함께 하길 기원하겠습니다.  ※ 인터넷 질의응답은 법적인 효력을 갖는 결정이나 판단이 아니므로 각종 권리 주장의 근거 또는 증거 자료 등으로 사용할 수 없으니 참고하시길 바랍니다. "
50,177930,공개,퇴직금,2020-04-26,한**,콜센터,처리완료,퇴직금 신청 할려면 어디서 해야 하나요???,콜센터,"고객님 안녕하십니까? 근로복지공단 콜센터입니다. 먼저 근로복지공단에 대한 고객님의 관심에 깊이 감사드립니다. 현재 공단 업무 폭주로 인하여 상담업무가 상당히 지연되고 있으므로 고객님의 너그러운 이해 부탁드리며, 답변이 늦어진 점 대단히 죄송합니다. 고객님이 문의주신 내용이 사업장에서 퇴직연금을 가입하였는데 근로자가 퇴사를 하면서 퇴직금을 신청하는 방법을 여쭤보는 것에 대한 문의를 여쭤보는 것으로 판단되어 안내드립니다.근로자가 퇴직하면 퇴직후 14일 이내 퇴직연금지급청구접수_>미납부담금 및 미납수수료 납입안내_>퇴직연금지급입력_>자산관리관에서 지급처리_> 공단통보_>가입자에게 통보_>원천징수영수증발급    잔여부담금이나 미납금 없는 경우라면 지급신청서, 통장사본 접수 시점부터 2~3주 소요 후 지급됨을 참고바랍니다  자세한 사항은 사업장 관할 퇴직연금 담당자에게 연락하여 미납여부에 대한 자세한 상담을 받아보시기 바랍니다. 근로복지공단 홈페이지(www.kcomwel.or.kr)→공단소개→지역본부 및 지사→주소 혹은 지역본부 관할로 검색 (사업장 관할 근로복지공단 소속기관) ○ 전화문의: 근로복지공단 콜 센터 ☎1661-0075로 전화를 주시면 성심 성의껏 답변해 드리겠습니다. 이용해 주셔서 감사합니다.  바로 도움 드리지 못해 죄송합니다.     ※ 인터넷 질의응답은 법적인 효력을 갖는 결정이나 판단이 아니므로 각종 권리 주장의 근거 또는 증거 자료 등으로 사용할 수 없으니 참고하시기 바랍니다."
51,177756,공개,고용보험 상실처리,2020-04-23,허**,콜센터,처리완료,고용보험이 최대한 빠르게 실효처리 되었으면 하는데 회사에서 일주일정도 걸린다고 하더라구요. 제가 고용복지센터 방문해서 요청하면 더 빨리 처리될 수 있나요?,콜센터,"고객님 안녕하십니까?근로복지공단 콜센터입니다.먼저 근로복지공단에 대한 고객님의 관심에 깊이 감사드립니다. 고객님의 문의에 대하여 답변이 늦어진점 대단히 죄송하며 고객님의 너그러운 이해 부탁드립니다. ※ 사이버 상담실에서는 일반적인 기준에 대해 안내해드리는 기관으로서 직접적인 업무처리를 할 수 있는 권한이 없음을 양해해 주시기 바랍니다상실신고서 처리기한은 근무일 기준 7일입니다. 사업장 또는 관할 소속기관에 유선확인하시기 바랍니다.  현재 근로복지공단 고용산재토탈서비스에서 조회내용(접수, 처리중, 결재완료, 처리완료 등)이 확인되지 않는다면, 사업장에서 제출하지 않았을 수 있으며, 사업장에서 접수하였음에도 조회내용이 확인되지 않는다면 접수 여부를 제출한 소속기관에 확인하셔야 합니다. ▶ 근로복지공단 고용산재토탈서비스(http://total.kcomwel.or.kr) 를 통한 경로로 처리내역을 확인할 수 있는 부분은 안내해 드리겠습니다. ○ 근로자 개인이 확인하는 경우고용산재 토탈서비스 사이트 접속 후  개인 → 일반개인 → 공인인증서 로그인 → 정보조회 → 민원조회 → 사업장 피보험자격신고현황 클릭→ 민원서류 근로자고용종료신고서(상실) 선택 ▶ 근로복지공단 사업장관할 소속기관 및 담당자 검색 경로를 안내해 드리겠습니다. ○ 근로복지공단 홈페이지(www.kcomwel.or.kr)→ 공단소개 → 조직안내 → 지역본부 및 지사  기타 궁금한 사항이 있으시면 근로복지공단 콜센터(☎1588-0075)로 전화를 주시면 성심 성의껏 답변해 드리겠습니다. 이용해 주셔서 감사합니다. 오늘도 행복한 하루 보내시길 바랍니다. ※ 인터넷 질의응답은 법적인 효력을 갖는 결정이나 판단이 아니므로 각종 권리 주장의 근거 또는 증거 자료등으로 사용할 수 없으니 참고하시기 바랍니다 "
52,177045,공개,실업급여,2020-04-16,조**,콜센터,처리완료,인터넷강의 완료하였고 워크넷으로 구직신청 후 구직등록 확인증 프린터 해놓은상태입니다. 근로복지공단 방문하려는데 더 필요한 서류 있나요?,콜센터,"고객님 안녕하십니까? 근로복지공단 콜센터입니다. 먼저 근로복지공단에 대한 고객님의 관심에 깊이 감사드립니다.현재 공단 업무 폭주로 인하여 상담업무가 상당히 지연되고 있으므로 고객님의 너그러운 이해 부탁드리며, 답변이 늦어진 점 대단히 죄송합니다.  근로복지공단은 고용보험 및 산재보험의 가입, 부과, 피보험자고용정보관리 및 산재보상, 요양, 재활 업무와 그 외 일부 복지업무를 수행하고 있습니다.  고객님께서 문의하신 실업급여 수급의 절차는 「근로기준법」에 근거한 고용노동부 소관업무로, 근로복지공단이 아닌 고용노동부로 방문하여 처리하셔야 합니다.번거로우시겠지만 아래의 경로를 통해 다시금 고용노동부로 문의하셔서 안내받으시기 바랍니다.   ■ 전 화 : (고객상담센터) 국번 없이 1350   ■ 인터넷 : 민원마당(minwon.moel.go.kr) > 민원신청 > 빠른인터넷상담  기타 궁금한 사항이 있으시면 근로복지공단 콜센터(☎1588-0075)로 전화를 주시면 성심 성의껏 답변해 드리겠습니다.   감사합니다. 고객님의 가정에 기쁨과 행복이 늘 함께 하길 기원하겠습니다.  ※ 인터넷 질의응답은 법적인 효력을 갖는 결정이나 판단이 아니므로 각종 권리 주장의 근거 또는 증거 자료 등으로 사용할 수 없으니 참고하시길 바랍니다. "
53,176994,공개,퇴직금 지급 시,2020-04-16,심**,콜센터,처리완료,"회사 합병으로 18년도 2월부터 20년 4월 3일 퇴직처리, 신규 입사 처리되었더라고요. 해서 회사에서 퇴직금 지급이 될것이다 라고 하여 대충 계산이라도 해보려고 하는데 이번 코로나로 3월 무급휴직했는데 조회시 최근 4개월 급여를 입력하는 란이 있더라고요. 그렇게 되면 저는 일반적으로 4개월치 급여가 3개월치 급여로 계산되어 퇴직금이 처리가 되는것인지 궁금해서 문의남깁니다. 고용센터쪽으로 문의 남기려고 했었는데 고객센터 연결이 안되더라고요ㅠㅠ",콜센터,"고객님 안녕하십니까?근로복지공단 콜센터입니다.먼저 근로복지공단에 대한 고객님의 관심에 깊이 감사드립니다. 고객님께서 문의하신 퇴직금 지급에 관련한 내용은 안타깝게도 저희 공단에서 안내드릴 수 없는 업무임을 양해해 주시기 바랍니다. 고객님의 문의내용은 “퇴직금”에 관한 사항으로 이 업무는 고용노동부에서 관할하므로 안타깝게도 우리공단에서 안내드릴 수 없음을 양해해 주시기 바라며, 아래의 경로를 통해 다시금 고용노동부로 문의하여 안내받으시기 바랍니다. ▷ 전   화 : 고객상담센터 (국번없이  ☎1350)▷ 인터넷 : 홈페이지(moel.go.kr) >민원 >민원마당 바로가기 >민원신청 >빠른인터넷상담저희 근로복지공단 업무와 관련하여 궁금한 사항이 있으시면  근로복지공단 콜센터(☏1588-0075)로 전화를 주시면 성심 성의껏 답변해 드리겠습니다.이용해 주셔서 감사합니다.  오늘도 행복한 하루 보내시길 바랍니다.※ 인터넷 질의응답은 법적인 효력을 갖는 결정이나 판단이 아니므로 각종 권리 주장의 근거 또는 증거 자료등으로 사용할 수 없으니 참고하시기 바랍니다."
54,176827,공개,실업급여 기간합산 문의를 13일까지 ...,2020-04-14,이**,콜센터,처리완료,4월 7일 실업급여 기간합산하여 실업급여 대상자가 되는지 문의 드렸는데 답변 듣기가 너무 어렵네요. 1350 전화는 안되고... 빠른 답변 부탁드립니다.,콜센터,"고객님 안녕하십니까?근로복지공단 콜센터입니다.먼저 고객님의 문의에 대하여 답변이 늦어진점 대단히 죄송하며 고객님의 너그러운 이해 부탁드립니다.  고객님께서 4월 7일 동일 내용으로 문의해주신것으로 확인되며, 이에 대한 답변이 늦었지만 4월 17일 답변 처리 된것으로 확인됩니다.고객님의 문의내용인 실업급여 대상자 여부에 관해서는 4월 17일 서면 안내해드린 고용노동부안내로 갈음함을 알려드립니다. 아래 경로 참고 바랍니다.■ 전  화 : (고객상담센터) 국번 없이 1350  ■ 인터넷 : 민원마당(minwon.moel.go.kr) > 민원신청 > 빠른인터넷상담  보다 나은 서비스 제공을 위해 항상 노력하겠습니다. 오늘도 행복한 하루 보내시길 바랍니다. ※ 인터넷 질의응답은 법적인 효력을 갖는 결정이나 판단이 아니므로 각종 권리 주장의 근거 또는 증거 자료등으로 사용할 수 없으니 참고하시기 바랍니다.   "
55,176516,공개,공립 중학교 급여 담당자입니다.,2020-04-10,임**,복지연금국,처리완료,"저희 학교의 계약제(기간제)교원 선생님이 2018.3.1.부터 계약하여 2021.2.28까지 계약입니다.(총3년) 이분께서 이사 대금의 차액 보완을 위해 1년치의 퇴직금의 중도정산을 원하시는데, 원칙적으로 퇴직금의 중도정산은 특별한 사유가 아니면 불가능한 것으로 알고 있어서 문의드립니다. 퇴직금의 중도정산이 가능한가요?",복지연금국,고객님께서 문의하신 내용은 유선연락으로 답변드렸습니다. 기타 궁금한 사항이 있으시면 근로복지공단 콜센터(☎1661-0075)로 전화를 주시면 성심 성의껏 답변해 드리겠습니다. 이용해 주셔서 감사합니다. 오늘도 행복한 하루 보내시길 바랍니다. ※ 인터넷 질의응답은 법적인 효력을 갖는 결정이나 판단이 아니므로 각종 권리 주장의 근거 또는 증거 자료등으로 사용할 수 없으니 참고하시기 바랍니다.
56,176465,공개,퇴직연금dc형 가입이 되어있는 기업인...,2020-04-10,송**,복지연금국,처리완료,"퇴직금 지급 사유가 발생한 인원이 있는데, 퇴직연금 신규가입안하고 그냥 퇴직금으로 불입해도 되나요? 아니면 다른 직원들처럼 퇴직연금으로 꼭 처리해야되나요.",복지연금국,고객님께서 문의하신 내용은 유선연락으로 답변드렸습니다. 기타 궁금한 사항이 있으시면 근로복지공단 콜센터(☎1661-0075)로 전화를 주시면 성심 성의껏 답변해 드리겠습니다. 이용해 주셔서 감사합니다. 오늘도 행복한 하루 보내시길 바랍니다. ※ 인터넷 질의응답은 법적인 효력을 갖는 결정이나 판단이 아니므로 각종 권리 주장의 근거 또는 증거 자료등으로 사용할 수 없으니 참고하시기 바랍니다.
57,176253,공개,퇴직연금 상담 신청,2020-04-08,노**,복지연금국,처리완료,회사 직원 퇴직 연금을 들려고하는데 상담을 먼저 해보려구요,복지연금국,고객님께서 문의하신 내용은 유선연락으로 답변드렸습니다. 기타 궁금한 사항이 있으시면 근로복지공단 콜센터(☎1661-0075)로 전화를 주시면 성심 성의껏 답변해 드리겠습니다. 이용해 주셔서 감사합니다. 오늘도 행복한 하루 보내시길 바랍니다. ※ 인터넷 질의응답은 법적인 효력을 갖는 결정이나 판단이 아니므로 각종 권리 주장의 근거 또는 증거 자료등으로 사용할 수 없으니 참고하시기 바랍니다.
58,176121,공개,실업급여 기간 합산에 대해 궁금합니다...,2020-04-07,이**,콜센터,처리완료,안녕하세요.~ 제가 작년도 3월1일~ 올해 2월 29일까지 기간제로 근무하였으나 재계약을 요구하여 재계약을 거부하였습니다. 실업급여 대상자가 아님을 알고 올해 5월 4일부터 6월 1일까지 단기 기간제로 4대보험에 가입하는 조건으로 근로계약서를 작성하였습니다. 6월 이후에 제가 실업급여 대상자가 되는지 알고싶습니다.,콜센터,"고객님 안녕하십니까?근로복지공단 콜센터입니다. 현재 공단 업무 폭주로 인하여 상담업무가 상당히 지연되고 있으므로 고객님의 너그러운 이해 부탁드리며, 답변이 늦어진 점 대단히 죄송합니다. 근로복지공단은 고용보험 및 산재보험의 가입, 부과, 피보험자고용정보관리 및 산재보상, 요양, 재활 업무와 그 외 일부 복지업무를 수행하고 있습니다.  고객님께서 문의하신 실업급여 수급 요건 관련 사항은 고용노동부 소관업무임을 알려드리니 번거로우시겠지만 아래의 경로를 통해 다시금 고용노동부로 문의하시기 바랍니다. ■ 전  화 : (고객상담센터) 국번 없이 1350  ■ 인터넷 : 민원마당(minwon.moel.go.kr) > 민원신청 > 빠른인터넷상담  보다 나은 서비스 제공을 위해 항상 노력하겠습니다.          오늘도 행복한 하루 보내시길 바랍니다. ※ 인터넷 질의응답은 법적인 효력을 갖는 결정이나 판단이 아니므로 각종 권리 주장의 근거 또는 증거 자료등으로 사용할 수 없으니 참고하시기 바랍니다.  "
59,176063,공개,실업급여 신청하려고 하는데요~,2020-04-07,이**,콜센터,처리완료,남편이 사업주인 사업장에서 1인 직원으로 건강보험료 내며 함께 일해온 아내입니다. 코로나 사태로 인해 사업장이 대학가라 개학이 늦춰지며 작년과 달리 손님이 거의 없어 저는 가게서 퇴직하고 당분간 실업급여를 받으며 안정된 월급 주는 타직장을 알아보려고 합니다. 당장 부부사이에 월급받는 사람이 없어 제가 일용직이나 부업으로 아주 적은 알바라도 할까 싶은데 수익이 발생하면 무조건 실업급여 못받는 건지요? 진짜 적은 푼돈이라 혹시 실업급여 받는데 문제가 안되는 금액한도가 있는지 빠르게 알려주시면 감사하겠습니다(핸드폰 문자로 알려주셔도 좋습니다!),콜센터,"고객님 안녕하십니까?근로복지공단 콜센터입니다. 현재 공단 업무 폭주로 인하여 상담업무가 상당히 지연되고 있으므로 고객님의 너그러운 이해 부탁드리며, 답변이 늦어진 점 대단히 죄송합니다. 근로복지공단은 고용보험 및 산재보험의 가입, 부과, 피보험자고용정보관리 및 산재보상, 요양, 재활 업무와 그 외 일부 복지업무를 수행하고 있습니다.  고객님께서 문의하신 실업급여 관련 사항은 고용노동부 소관업무임을 알려드리니 번거로우시겠지만 아래의 경로를 통해 다시금 고용노동부로 문의하시기 바랍니다. ■ 전  화 : (고객상담센터) 국번 없이 1350  ■ 인터넷 : 민원마당(minwon.moel.go.kr) > 민원신청 > 빠른인터넷상담  보다 나은 서비스 제공을 위해 항상 노력하겠습니다.  오늘도 행복한 하루 보내시길 바랍니다. ※ 인터넷 질의응답은 법적인 효력을 갖는 결정이나 판단이 아니므로 각종 권리 주장의 근거 또는 증거 자료등으로 사용할 수 없으니 참고하시기 바랍니다."
60,174821,공개,실업급여 관련하여 문의드립니다.,2020-03-27,장**,콜센터,처리완료,수정,콜센터,[민원의 중복] 174825와 동일문의입니다. (이로인한 사유로 내부처리되었습니다.)
61,174771,공개,답변이 없어요,2020-03-27,최**,콜센터,처리완료,문의내용답변이 없는데 답변되었다고 뜨는이유는 뭐죠? 문자로 날라왔는데 뭔지 모르겠네요.. 퇴직연금 확인해달라고 작성했었는데.,콜센터,안녕하세요. 근로복지공단 콜센터 입니다.고객님 민원 내용과 관련하여 2020.4.3에 유선통화하여 정상처리 된것으로 확인되었습니다. 저희 공단 퇴직연금관련하여 궁금하신 사항이 있으시면 15661-0075로 전화주시면 친절히 상담해드리겠습니다. 감사합니다.
62,174523,공개,회사상담) 기업 회생개시 및 임금체불...,2020-03-25,송**,콜센터,처리완료,일신전자란 회사 인사총무 담당자로서 회사 자금 사정악화로 인해 임금체불로 사업주(대표) 형사 고소가 발생된 사항에 퇴직연금 임원진 가입금액이 있어 연금계좌 해지하여 근로자 퇴직금 지급이 가능한지 문의드려요. 연금계좌 해지 가능시 절차가 있나요.,콜센터,"안녕하세요.근로복지공단 콜센터입니다. 현재 공단 업무 폭주로 인하여 상담업무가 상당히 지연되고 있으므로 고객님의 너그러운 이해 부탁드리며, 답변이 늦어진 점 대단히 죄송합니다. (2020.4.10 유선통화) 고객님 문의사항에 대하여 구체적인 내용확인을 위하여 유선전화 드린 결과 해당 퇴직연금에 대하여 폐지한 것으로 확인되어 통화를 종료하였습니다. 다시한번 답변이 늦어진 점 사과드리며, 기타 저희 공단 퇴직연금 사업과 관련하여 궁금하신 사항이 있으시면 1661-0075로 전화주시면 친절히 상담해드리겠습니다. 감사합니다.   "
63,174451,공개,이직확인서,2020-03-25,신**,콜센터,처리완료,안녕하세요 이직 확인서 처리되었는지 확인해 보았는데  결재라고 되어있다가 다시 반려라고 되어 있던데 어떻게 된건지 궁금합니다. 왜 반려되었는지 어떻게 하면 이직 확인서가 처리 되나요?,콜센터,고객님 안녕하십니까? 근로복지공단 콜센터입니다.먼저 근로복지공단에 대한 고객님의 관심에 깊이 감사드립니다. 문의내용상 고객님의 정보가 확인되지 않아 바로 도움드리지 못하는 점 양해부탁드립니다. 인터넷상담은 직접 민원업무 처리를 하지 않으며 일반적인 단순문의에만 답변 가능합니다.  개별적인 사안에 대한 보다 자세한 상담은 실제 업무를 수행하고 있는 사업장 소재지 관할지사 가입지원부 담당자에게 문의하시길 안내드립니다. - [근로복지공단 지사 찾기]근로복지공단홈페이지 → 조직안내 → 지역본부 및 지사 기타 궁금한 사항이 있으시면 근로복지공단 콜센터(☎1588-0075)로 전화를 주시면 성심 성의껏 답변해 드리겠습니다. 이용해 주셔서 감사합니다. 오늘도 행복한 하루 보내시길 바랍니다. ※ 인터넷 질의응답은 법적인 효력을 갖는 결정이나 판단이 아니므로 각종 권리 주장의 근거 또는 증거 자료등으로 사용할 수 없으니 참고하시기 바랍니다. 
64,174328,공개,3/18일로 계약종료로 퇴직되었는데요...,2020-03-24,채**,콜센터,처리완료,"퇴직 직후 19일, 20일  회사에서 고용보험상실신고 , 이직확인서 해달라고 했는데 말같지 않는 핑계를 대고 다음달 4/25일 날짜이후에 된다고만 합니다 요청에도 응하지 않는데 나중에 실업급여 신청할때 문제가 생기지 않을까싶은데 상관없을까요",콜센터,"고객님 안녕하십니까? 근로복지공단 콜센터입니다. 먼저 근로복지공단에 대한 고객님의 관심에 깊이 감사드립니다. ★ 우리 공단 사이버상담은 공단 수행 업무와 관련한 일반적인 기준 및 민원신청 절차 등을 안내 드리고 있으므로, 개별사례에 대한 상세 안내가 필요하신 경우 관할지사 가입지원부에 문의하시면 보다 자세한 안내를 받으실 수 있음을 알려드립니다. 고객님께서 문의주신 내용에 대한 답변 드립니다.  ★ 고객님 문의사항: 근로자의 이직확인서 신청을 거부할때에 대해서는 직접사업주에게 요청하였으나 사업주가 제출해주지 않을 때에는 고용보험피보험자격 확인청구서로 관련증빙자료를 첩부하여 근로자 본인이 신청이 가능합니다.그리고 실업급여는 이직일로부터 1년 이내에 수급까지 끝나야지 되는 것으로 알고 있습니다. 실업급여 수급에 대해서는 고용노동부로 다시한번 문의하여 주시기 바랍니다.  - 전화 문의 : 고용노동부 고객상담센터 (국번 없이 1350) - 인터넷 문의 : 고용노동부 홈페이지(www.moel.go.kr) >민원마당 >민원신청 >빠른 인터넷상담  저희 공단 업무와 관련된 기타 궁금한 사항이 있으시면 근로복지공단 콜센터(☎1588-0075)로 전화를 주시면 성심 성의껏 답변해 드리겠습니다.이용해 주셔서 감사합니다. 오늘도 행복한 하루 보내시길 바랍니다. ※ 인터넷 질의응답은 법적인 효력을 갖는 결정이나 판단이 아니므로 각종 권리 주장의 근거 또는 증거 자료등으로 사용할 수 없으니 참고하시기 바랍니다.  "
65,174215,공개,어린이집 퇴직 적립금 신청.,2020-03-23,방**,콜센터,처리완료,울산시 남구 신복로 31번길 12-1  이담 어린이집 입니다.  퇴직적립금 신규신청을 하려고 합니다.  전화 연결이 도저히 되지 않아 남깁니다.,콜센터,고객님 안녕하십니까? 근로복지공단 콜센터입니다.먼저 근로복지공단에 대한 고객님의 관심에 깊이 감사드립니다. 문의에 대해 관할지사에서 상담완료하신 것으로 확인되어 해당답변으로 갈음합니다. 기타 궁금한 사항이 있으시면 근로복지공단 콜센터(☎1588-0075)로 전화를 주시면 성심 성의껏 답변해 드리겠습니다.이용해 주셔서 감사합니다. 오늘도 행복한 하루 보내시길 바랍니다. ※ 인터넷 질의응답은 법적인 효력을 갖는 결정이나 판단이 아니므로 각종 권리 주장의 근거 또는 증거 자료등으로 사용할 수 없으니 참고하시기 바랍니다. 
66,174205,공개,퇴직하면 퇴직연금이 IRP 계좌로 자...,2020-03-23,이**,콜센터,처리완료,"퇴직은 3월 10일에 했습니다. 퇴직할 때 퇴직연금 전용 IRP 계좌도 회사에 알려줬고, 신청서도 작성했는데요 IRP 계좌를 확인해보니 입금된게 없더군요.  혹시 제가 따로 신청을 해야되는건지 아니면 회사에서 신청을 안한건지. 아니면 넘어가는 기간이 있는건지요?",콜센터,"안녕하세요. 근로복지공단 콜센터 입니다. 고객님 민원내용에 대하여 확인한 결과 사업장에서 2020.3.16에 고객님 퇴직연금지급신청서를 제출하였으며, 사업장의 정기부담금 납입일이 2020.3.25일인 관계로 부담금 납입처리 후 2020.3.30에 매도처리되어 2020.4.1에 지급예정될 것으로 보입니다.       기타 퇴직연금지급 관련하여 궁금하신 사항이 있으시면 1661-0075로 연라주시면 친절히 상담해드리겠습니다. 감사합니다.     "
67,174055,공개,이직확인서,2020-03-20,최**,콜센터,처리완료,안녕하세요.  전직장에서 3월초에 이직확인서를 제출했다고 하는데  상실신고는 조회가 되는데 이직확인서는 없다고 떠서 문의드려요.. 언제쯤 확인가능할까요?,콜센터,"안녕하세요. 근로복지공단 콜센터입니다.  현재 공단 업무 폭주로 인하여 상담업무가 상당히 지연되고 있어 고객님의 너그러운 이해 부탁드립니다. 고객님께서 문의하신 내용은 개인정보확인(주민번호, 사업장명 등) 이 필요한 사항으로 콜센터 또는 인터넷 문의는 상담에 다소 제한이 있음을 양지하여 주시기 바라며, 산재고용보험 토탈서비스에서 확인이 되지 않는 경우는 사업장에서 아직 제출 전이거나, 공단 소속지사에서 업무 폭주로 인하여 접수처리가 지연되는 경우가 있을 수 있으므로 사전 확인이 필요하며, 해당내용은 콜센터에서도 확인이 불가한 사항임을 알려드리오니 착오 없으시기 바랍니다.  문의하신 내용은 아래의 경로에서 확인이 가능합니다. -[이직확인서 처리여부 조회] 고용산재토탈서비스(http://total.kcomwel.or.kr) → 개인회원 로그인(회원가입 불필요, 공인인증서 로그인) → 정보조회>민원조회>이직확인서처리여부 조회 인터넷 상담은 일반적인 경우에 대한 안내를 하고 있으며, 개별적인 사안에 대한 보다 자세한 상담은 실제 업무를 수행하고 있는 관할지사 담당자에게 문의하시길 안내드립니다.- [근로복지공단 지사 찾기]근로복지공단홈페이지 → 조직안내 → 지역본부 및 지사기타 궁금하신 사항이나 문의사항은 1588-0075로 전화주시면 친절히 상담해드리겠습니다. "
68,174009,공개,퇴직연금 지급받는 절차를 알고 싶습니...,2020-03-19,김**,복지연금국,처리완료,"퇴직 연급 지급받는 절차를 알고 싶습니다.   금액은 450 정도로 알고 있고, 퇴직은 19년 11월에 한상태이며 가입상품은 dc형입니다.   irp 계좌는 개설했습니다.   이상태에서 퇴직연금을 지급 받으려면 연금 가입한 회사에서 서식에 맞게 문서 작성하여    공단 담당자에게 문서를 보내면 되는건가요?   아니면 개인적으로 따로 받을수 있는 방법이 있는지요?  통화를 하려고 매번 시도 하지만 통화가 안되서 글을 올립니다.   통화 하려고 시도한지 일주일이 넘어서 좀 지치네요. 빠른 답변 부탁드립니다.",복지연금국,고객님께서 문의하신 내용은 유선연락으로 답변드렸습니다. 기타 궁금한 사항이 있으시면 근로복지공단 콜센터(☎1661-0075)로 전화를 주시면 성심 성의껏 답변해 드리겠습니다. 이용해 주셔서 감사합니다. 오늘도 행복한 하루 보내시길 바랍니다. ※ 인터넷 질의응답은 법적인 효력을 갖는 결정이나 판단이 아니므로 각종 권리 주장의 근거 또는 증거 자료등으로 사용할 수 없으니 참고하시기 바랍니다.
69,173930,공개,퇴직연금 부담금 사업주의 납입지체로 ...,2020-03-18,박**,복지연금국,처리완료,"수고많으십니다 다름이 아니오라 퇴직연금때문에 문의 남깁니다 2020.2.29일 퇴사를 하고 퇴직연금지급신청서를 접수후 퇴직금 지급만 기다리는 중입니다 그런데 지급현황처리를 보다가  2020년 1월이랑 2월달에 퇴직적립금이 206,080원이 납부되어야 되는데 1월 2월 둘다 모두194,300원이 납부된것을 보고  해당어린이집에도 차액 납부해달라고 요청을 했고공단에도 이야기를 드렸습니다 공단관게자도 급여변동으로인해서 적립금이 변동이 있을수도있어서 사업주한테 이야기했다고 서류가 확인되면 처리한다고 친절하게 설명해주었습니다  그러다다 오늘  3월 18일 확인을 해보니 3월 17일자로 수시부담금이라고 11,780원이 납부가 되어있네요  그런데 금액이 2달치가 아니라 한달치만 납부처리가 되어있습니다 2020년 1월 2월달 급여에 맞는 퇴직적립금은 206,080원인데 공단 납부는 194,300원만 되어있습니다  또한 추가납입금도 2달치가 아닌 한달분만 납입이 되어있네요 확인해주세요",복지연금국,고객님께서 문의하신 내용은 유선연락으로 답변드렸습니다. 기타 궁금한 사항이 있으시면 근로복지공단 콜센터(☎1661-0075)로 전화를 주시면 성심 성의껏 답변해 드리겠습니다. 이용해 주셔서 감사합니다. 오늘도 행복한 하루 보내시길 바랍니다. ※ 인터넷 질의응답은 법적인 효력을 갖는 결정이나 판단이 아니므로 각종 권리 주장의 근거 또는 증거 자료등으로 사용할 수 없으니 참고하시기 바랍니다.
70,173881,공개,퇴직연금을 신청하고 싶은 사업자인데 ...,2020-03-18,이**,콜센터,처리완료,요즘 너무 바쁘셔서 퇴직연금 가입을 늦게해도 넣을 수 있나요?,콜센터,"고객님 안녕하십니까?근로복지공단 콜센터입니다.먼저 근로복지공단에 대한 고객님의 관심에 깊이 감사드립니다.먼저 전화량이 많아 원활한 연결이 되지 않음에 불편을 드려 대단히 죄송합니다.30인이하 사업장이라면 가입 가능합니다.  퇴직연금의 종류와 여러가지 상품에 대해 확인가능 사이트입니다.근로복지공단 퇴직연금(https://pension.kcomwel.or.kr) 해당 사이트에서 종류 및 상품 확인 가능하며 미리 확인가능 시뮬레이션 내용도 있기때문에 참고 바랍니다. 만일, 해당경로로 확인중 좀 더 자세한 상담 원하신다면 근로복지공단 퇴직연금 지원센터 1661-0075 로 연락 바랍니다. 기타 궁금한 사항이 있으시면 근로복지공단 콜센터(☎1661-0075)로 전화를 주시면 성심 성의껏 답변해 드리겠습니다. 이용해 주셔서 감사합니다. 오늘도 행복한 하루 보내시길 바랍니다. ※ 인터넷 질의응답은 법적인 효력을 갖는 결정이나 판단이 아니므로 각종 권리 주장의 근거 또는 증거 자료등으로 사용할 수 없으니 참고하시기 바랍니다."
71,173873,공개,퇴사한직장에서 이직처리안해줄때,2020-03-18,김**,콜센터,처리완료,이직확인서가 도착해야지 실업급여가 받을수있다고 알고있습니다. 직장측에서 고의인지 바빠서 인지 모르겠지만 여러차례 독촉해도 이직확인서를 해주지않을때에는 어떻게 해야할까요?  이직확인서를 바로 보내면 바로 처리되고 홈페이지 개인 확인란에 바로 뜨는건지도 궁금합니다.,콜센터,"고객님 안녕하십니까? 근로복지공단 콜센터입니다. 먼저 근로복지공단에 대한 고객님의 관심에 깊이 감사드립니다.    이직확인서는 근로자가 실업급여 수급을 위해 발급을 요구하는 경우에 사업장에서 우리공단으로 신고하게 되어있습니다. 장기간 발급을 회피하거나 거부하는 경우에는 피보험자격 확인청구가 가능합니다. 아래의 경로에서 상세한 내용확인이 가능합니다. -[이직확인서 처리여부 조회] 고용산재토탈서비스(http://total.kcomwel.or.kr) → 개인회원 로그인(회원가입 불필요, 공인인증서 로그인) → 정보조회>민원조회>이직확인서처리여부 조회    [피보험자격확인청구]근로복지공단 홈페이지>가입납부>자격관리>고용보험 피보험자관리>피보험자 자격관리>피보험자격확인청구    기타 궁금한 사항이 있으시면 근로복지공단 콜센터(☎1588-0075)로 전화를 주시면 성심 성의껏 답변해 드리겠습니다. 이용해 주셔서 감사합니다. 오늘도 행복한 하루 보내시길 바랍니다.    ※ 인터넷 질의응답은 법적인 효력을 갖는 결정이나 판단이 아니므로 각종 권리 주장의 근거 또는 증거 자료등으로 사용할 수 없으니 참고하시기 바랍니다.   "
72,173698,공개,퇴직금,2020-03-16,김**,복지연금국,처리완료,어린이집에서 1년간 근무하고 퇴직하였습니다. 퇴직금을 받으려고 합니다. 원에 전화했는데 직접 신청하라고 하는데요.. 전 어린이집 이름으로 승인 받아 irp 계좌는 신한은행꺼를 발급 받아서 가지고 있습니다. 원에 제출은 하지 않은 상태입니다.제가 직접 신청하는 방법에 대해 알고 싶어서 문의 드립니다. 연락 부탁드립니다. 감사합니다. 근로복지공단에 확인하니 퇴직금은 잘 적립되어 있습니다.,복지연금국,고객님께서 문의하신 내용은 유선연락으로 답변드렸습니다. 기타 궁금한 사항이 있으시면 근로복지공단 콜센터(☎1661-0075)로 전화를 주시면 성심 성의껏 답변해 드리겠습니다. 이용해 주셔서 감사합니다. 오늘도 행복한 하루 보내시길 바랍니다. ※ 인터넷 질의응답은 법적인 효력을 갖는 결정이나 판단이 아니므로 각종 권리 주장의 근거 또는 증거 자료등으로 사용할 수 없으니 참고하시기 바랍니다.
73,173622,공개,이직확인서,2020-03-16,정**,콜센터,처리완료,2월말에 권고사직으로 이직해서 실업급여 신청하려고 하는데 처리가 안되고 있어서요 언제쯤 처리가 되서 실업급여 신청할 수 있을까요?,콜센터,"고객님 안녕하십니까?근로복지공단 콜센터입니다.먼저 근로복지공단에 대한 고객님의 관심에 깊이 감사드립니다.사이버 상담실에서는 일반적인 기준에  대해 안내해드리는 기관으로서 직접적인 업무처리를 하지 않음을 양해해 주시기 바랍니다. 또한 질문하신 내용 중 고객님의 확인되는 정보(성명)만으로 이직확인서의 접수여부 및 처리 내용을 확인할 수 없습니다.  현재 근로복지공단 고용산재토탈서비스에서 조회내용(접수, 처리중, 결재완료, 처리완료 등)이 확인되지 않는다면, 사업장에서 제출하지 않았을 수 있으며, 사업장에서 접수하였음에도 조회내용이 확인되지 않는다면 접수 여부를 제출한 소속기관에 확인하셔야 합니다.  ○ 근로자 개인이 확인하는 경우 고용산재 토탈서비스 사이트 접속 후  개인 → 일반개인 → 공인인증서 로그인 → 정보조회 → 민원조회 → 사업장 피보험자격신고현황 클릭→ 민원서류 근로자고용종료신고서(상실) 선택 개인 → 일반개인 → 공인인증서 로그인 → 정보조회 → 민원조회 → 이직확인서 처리여부 조회  기타 궁금한 사항이 있으시면 근로복지공단 콜센터(☎1588-0075)로 전화를 주시면 성심 성의껏 답변해 드리겠습니다. 이용해 주셔서 감사합니다. 오늘도 행복한 하루 보내시길 바랍니다. ※ 인터넷 질의응답은 법적인 효력을 갖는 결정이나 판단이 아니므로 각종 권리 주장의 근거 또는 증거 자료 등으로 사용할 수 없으니 참고하시기 바랍니다."
74,173501,공개,퇴직연금을 수령하기위한 본인인증절차 ...,2020-03-13,김**,복지연금국,처리완료,퇴직연금 수령을위해 문자가와서 본인인증과 확인절차를 위해 링크를타고 사이트로 들어갔는데 사이트에서 오류가뜹니다. 새로운사이트로 01071064383으로 문자 다시보내주셔야할듯 합니다,복지연금국,고객님의 퇴직연금 급여지급 신청서가 2020.3.16. 접수 확인됨을 안내드립니다. 기타 궁금한 사항이 있으시면 근로복지공단 콜센터(☎1661-0075)로 전화를 주시면 성심 성의껏 답변해 드리겠습니다. 이용해 주셔서 감사합니다. 오늘도 행복한 하루 보내시길 바랍니다. ※ 인터넷 질의응답은 법적인 효력을 갖는 결정이나 판단이 아니므로 각종 권리 주장의 근거 또는 증거 자료등으로 사용할 수 없으니 참고하시기 바랍니다. <!--[if !supportemptyparas]--> <!--[endif]-->
75,173477,공개,건설현장 여성복지제도 및 퇴직금 및 ...,2020-03-13,김**,콜센터,처리완료,"건설복지및 의료 행정 등 .. 중요하고 기본적인 것들이 안되어지고 있습니다  근로자들은 노예계약으로 허덕이며 살고있습니다 1년이상 건설현장 종사자도 일반회사 근로자와 마찬가지로  복지제도와 의료혜택 건설 실직자 취업교육 및 수당 및. 세금해택및 대출  공정하게 질을 향상해 주시기 바랍니다 여성현장근로자 는 결혼할수있는 해택이 안되어있고 결혼도 못하고 나이만먹는 희생만 되는것같아 직업에 회의감이 옵니다   직업상 자녀육성및 임신 등 여성복지가 전혀 이루어지지않고  몸만 힘들고 경력은 쌓아도 오갈대다 없어지고 기본적인 대출및 세금. 의료 해택에도 현장임시직 일용직이라는 이유로  부당대우와 제안을 두고있습니다 시선도 그렇고 직업훈련도 제안이되며  취업교육도 없습니다   안녕하세여 져는 건설현장을 주로 다니는 여사무원.공무관리팀 여자  입니다  일용직. 임시직. 계약직으로 주로 일을하지만 아시다시피 지금 현장근로자들은  건설경기에 몸으로 부딪히듯 어렵게 허덕이며 살아가고 있습니다 그래도 어려운 환경과 여건이지만 그래도 언젠가는 나아지겠지 하면서 참고 이겨내고 노력하면서 경력을 쌓아가고 있지만  경력자는 오갈대가 없이 백수가되고 결혼할수있는 여건도 안되고 조건제안을 두는 부당대우와 배경과 사생활 노출이되는 불법적인 인사채용이 대다수 이며 시간이 지날수록 나아지는 기미는 보이지 않고 경기불황으로 일반회사원에 못미치는 연봉제와 복지제도 퇴직금 미지급등  어려움은 더욱 늘고 있습니다  실업자가 들을수있는 교육훈련조차 제안이 있고 서민대출조차  제안이되어 이러지도 못하는  어려움만 생기고  10년동안 불안전한 채용계약제도와 부당퇴직과 부당대우등 ... 참다가 결국 이렇게 한글자 씁니다  현장은 말그대로 보이는 것보다 심각한 수준이고 더군다나 여직원및 여임시계약직.일용직들은 노예계약을 하고도 희생되면서도  복지는 말도 못꺼내고 내가일한 만큼의 급여도 못받고 일하는 수준입니다  더군나나 어려운데 코로나로 실업자가 된 일용직및 임시직은  오갈데가 없어지고 있고 관련 취업훈련및 수당은 물론 교육단체조차 없습니다  한마디로 바닥까지 갔습니다 ......................................................... 최소한 퇴직금 및 실업수당을 받으려해도  그런것조차 해당이 어렵기 때문에 낙오자가 되고 있습니다  ............................. 최소한 복지에서 지급해주는 행정조차 빠른처리가 안되고 시간끌기 하고있고  기술자는 물론 관리자들고  직접적인 어려움을 부딪히며 힘들게 살아가고 있습니다  구체적인 설명을 따로 글을쓰겠지만 간단하게 설명드리는 요점은  1. 경기불황전부터 부당대우. 비정상급여체계. 비정상 근로계약서. 비합리적퇴사처리 기본적인 것부터  시스템이 안됨  2. 여성 복지제도 하나도 되지않음  3. 부당적인 노예계약   4. 일반회사의 실업급여및 퇴직제도  5.코로나영향으로 오는 일자리지원 제도  6.연말정산및 기타 세금 환급정책 어려움  7.일용직종사자 보험해택및 근로자 대출 제안   일용직.임시직  단기간 근무자들이 대부분이기 ？문에  보험 조차 제대로 안되었기 때문에  연말정산부분에 회사소속이 없는 프리랜서도 많아 개인이 알아서 해야하는 부담도 있어  보험혜택및 대출조차 제안이 되고 있습니다  ""앞으로 1년이상 현장근로 종사자는 복지및 세금혜택 대출및 보험제도 지원과 시스템을 활성화 시켜주시고  최소한 일반회사처럼 이라도 근로제도를 바꾸어 주셨으면합니다 .구축이어려우면 굳이 서류를 제출하지 않고도 핸드폰 어플로 깔아서 본인이 직접 신청하여 행정처리 할수있는 시스템을 만들어주십시오"" 요근래 연말정산및 근로장녀금 퇴직공제 부분에서 여러가지 희망이 보이긴하지만  빠른처리가 안되고 일용직이다보니 신상만 조회되고 확인절차 시스템이 없기 ？문에 행정처리및 복지 . 보건 . 은 물론  시간만끌고 있습니다  10년가까이 건축.건설현장 을 다녔지만 언젠가는 나아지겠지 싶어 기다렸지만 10년전보다 더안좋아지고 있고  더군다나 건설경기 불황과 코로나로 생계가 끊어지고 있습니다  최소한 근로장녀금 이라도 조기지급 원합니다 정말 힘듭니다",콜센터,고객님 안녕하십니까? 근로복지공단 콜센터입니다.먼저 근로복지공단에 대한 고객님의 관심에 깊이 감사드립니다. 문의주신 사항은 고용노동부에서 업무를 수행하고 있습니다. 번거로우시겠지만 아래의 문의처를 이용하시기 바랍니다.- 대표번호: (국번없이)1350- 홈페이지: 민원마당(minwon.moel.go.kr)>민원신청>빠른인터넷상담 기타 궁금한 사항이 있으시면 근로복지공단 콜센터(1588-0075)로 전화를 주시면 성심성의껏 답변해 드리겠습니다. 이용해주셔서 감사합니다. 오늘도 행복한 하루 보내시길 바랍니다. ※인터넷 질의응답은 법적인 효력을 갖는 결정이나 판단이 아니므로 각종 권리 주장의 근거 또는 증거 자료등으로 사용할 수 없으니 참고하시기 바랍니다. 
76,173372,공개,이직확인서,2020-03-12,장**,콜센터,처리완료,2월 27일 퇴직처리 하셨다 하시고 .. 3월 첫째주에 실업급여 서류 신청 해주시는걸 다 접수 해주셨다고 하셨습니다. 근데 제가 확인한 결과 이직확인서는 접수도 안되어 있고 처리도 안되어 있어서 전에 다는던 회사에 연락을 계속 했지만 접수 했다고 기다리라는 말 만 반복 하는데 ..이직처리 기간이 오래 걸린다며 3주는 기달려 봐야 하는거라며 .. 이야기 하시는데 이렇게 오래 걸리는게 맞는지요? 계속 접수는 했다는 말만 하시니.. 한달을 기다리는게 맞는건가요?,콜센터,"고객님 안녕하십니까?근로복지공단 콜센터입니다.먼저 근로복지공단에 대한 고객님의 관심에 깊이 감사드립니다.사이버 상담실에서는 일반적인 기준에  대해 안내해드리는 기관으로서 직접적인 업무처리를 하지 않음을 양해해 주시기 바랍니다. 또한 질문하신 내용 중 고객님의 확인되는 정보(성명, 전화번호)만으로 이직확인서의 접수여부 및 처리 내용을 확인할 수 없습니다.  현재 근로복지공단 고용산재토탈서비스에서 조회내용(접수, 처리중, 결재완료, 처리완료 등)이 확인되지 않는다면, 사업장에서 제출하지 않았을 수 있으며, 사업장에서 접수하였음에도 조회내용이 확인되지 않는다면 접수 여부를 제출한 소속기관에 확인하셔야 합니다.   ○ 근로자 개인이 확인하는 경우 고용산재 토탈서비스 사이트 접속 후  개인 → 일반개인 → 공인인증서 로그인 → 정보조회 → 민원조회 → 사업장 피보험자격신고현황 클릭→ 민원서류 근로자고용종료신고서(상실) 선택 개인 → 일반개인 → 공인인증서 로그인 → 정보조회 → 민원조회 → 이직확인서 처리여부 조회  만약 사업장에서 계속 이직확인서 제출을 미루는 경우, 피보험자격확인청구를 진행해야합니다. 서식인 피보험자자격 확인청구서는 사업장소재지 관할근로복지공단에 관련증빙자료(근로계약서등(임금등, 통장사본)를 첩부하여 근로자 본인이 신청하여야 합니다. 접수할때 자료가 없을때에는 시간이 많이 소요되는 점을 감안하여 제출하여 주시기 바랍니다. ★ 피보험자격 확인청구란사업주가 피보험자격 신고 등을 이행하지 아니하거나, 신고내용이 사실과 다른 경우 신고함으로 실직근로자 등이 고용보험제도(예: 실업급여)상의 혜택을 받지 못하는 경우가 없도록 피보험자격을 확인하고 정정해주는 제도입니다. ▶ 사업주가 피보험자격 신고 등을 이행하지 아니하거나, 신고내용이 사실과 다른 경우 신고함으로 실직근로자 등이 고용보험제도(예: 실업급여)상의 혜택을 받지 못하는 경우가 없도록 피보험자격을 확인하고 정정해주는 제도로 피보험 확인 청구가 있습니다.  ○ 청구권자 : 피보험자 또는 피보험자이었던 자  ○ 청구사유    ① 피보험자격 취득·상실신고(근로내용신고)가 누락된 경우    ② 피보험기간의 정정이 필요한 경우    ③ 피보험자격 신고사항의 변경이 필요한 경우(상실사유 정정  등)    ④ 피보험자격 이직확인서 제출을 안 해주는 경우○ 제출처: 근로복지공단 사업장 관할지사 가입지원부 (자격관리부)로 제출○ 신청서류 : 고용보험 피보험자격 확인청구서○ 구비서류 : ※ 피보험자격의 확인을 입증할 수 있는 서류 첨부[사실확인서류] 근로계약서, 인사카드, 사직서, 급여대장 및 통장사본, 기타 퇴직에 관한 서류 등※ 지사에서 필요 시 추가서류 요청할 수 있습니다.  ★ 우리 공단 사이버상담은 공단 수행 업무와 관련한 일반적인 기준 및 민원신청 절차 등을 안내 드리고 있으므로, 개별사례에 대한 상세 안내가 필요하신 경우 관할지사 가입지원부에 문의하시면 보다 자세한 안내를 받으실 수 있음을 알려드립니다.   * 서식자료 : 근로복지공단홈페이지(https://www.kcomwel.or.kr) → (좌측 상단 검색 -돋보기 옆) 서식자료에서 해당 서식을 검색 후 사용합니다. * 지사 찾기 : 근로복지공단홈페이지 → (좌측 상단) 공단소개 → 지역본부 및 지사에서 사업장 관할 지역본부 및 지사 연락처 등을 상세하게 검색 가능합니다. 기타 궁금한 사항이 있으시면 근로복지공단 콜센터(☎1588-0075)로 전화를 주시면 성심 성의껏 답변해 드리겠습니다. 이용해 주셔서 감사합니다. 오늘도 행복한 하루 보내시길 바랍니다. ※ 인터넷 질의응답은 법적인 효력을 갖는 결정이나 판단이 아니므로 각종 권리 주장의 근거 또는 증거 자료 등으로 사용할 수 없으니 참고하시기 바랍니다 "
77,173318,공개,이직확인서 접수를 하였다고 하는데 확...,2020-03-12,백**,콜센터,처리완료,2월 말까지 근무하고 퇴사를 했습니다. 전 직장에서 3월4일에 이직확인서를 성남지사에 접수를 했다고 합니다. 진행상황을 알수없어 답답한 마음에 글을 올립니다.,콜센터,고객님 안녕하십니까? 근로복지공단콜센터입니다. 먼저 근로복지공단에 대한 고객님의 관심에 깊이 감사드립니다. ※ 사이버 상담실에서는 일반적인 기준에 대해 안내해드리는 기관으로서 직접적인 업무처리를 하지 않음을 양해해 주시기 바랍니다.또한 고객님의 개인정보가 정확하게 확인되지 않아 근로복지공단 고용산재토탈서비스http://total.kcomwel.or.kr) 를 통한 경로를 안내해 드리겠습니다. ○ 근로자 개인이 확인하는 경우 고용산재 토탈서비스 사이트 접속 후  개인 → 일반개인 → 공인인증서 로그인 → 정보조회 → 민원조회 → 사업장 피보험자격신고현황 클릭→ 민원서류 근로자고용종료신고서(상실) 선택 개인 → 일반개인 → 공인인증서 로그인 → 정보조회 → 민원조회 → 이직확인서 처리여부 조회  기타 궁금한 사항이 있으시면 근로복지공단 콜센터(☎1588-0075)로 전화를 주시면 성심 성의껏 답변해 드리겠습니다. 이용해 주셔서 감사합니다. 오늘도 행복한 하루 보내시길 바랍니다.
78,173315,공개,퇴직연금지급에 의한 개인정보 동의가 ...,2020-03-12,최**,복지연금국,처리완료,문자로 인증하라고 하여 했는데 아이폰이라 안되다고 인터넷창으로 하라는 문자를 다시받았습니다. 인터넷창에서 해보았는데 최종 완료창이 뜨질안아 문의드립니다. 콜센터는 매일매일전화드려도 연결한번 안되고 답답합니다. 5일이내 처리하라는데 월요일부터 안되고 있습니다,복지연금국,고객님께서 문의하신 내용은 유선연락으로 답변드렸습니다. 기타 궁금한 사항이 있으시면 근로복지공단 콜센터(☎1661-0075)로 전화를 주시면 성심 성의껏 답변해 드리겠습니다. 이용해 주셔서 감사합니다. 오늘도 행복한 하루 보내시길 바랍니다. ※ 인터넷 질의응답은 법적인 효력을 갖는 결정이나 판단이 아니므로 각종 권리 주장의 근거 또는 증거 자료등으로 사용할 수 없으니 참고하시기 바랍니다.
79,173233,공개,퇴직금 문의,2020-03-11,김**,콜센터,처리완료,"퇴직연금 동의 문자가 와서 3월 5일에 동의 신청을 했는데요, 진행여부를 확인해 보니 아무내용도 뜨지 않아요.  오늘 상담센터에 전화해보니  동의 되었다고 하는데 원래 진행여부는 안뜨는건가요?  지급은언제되는건가요?",콜센터,"안녕하세요. 근로복지공단 콜센터 입니다. 현재 퇴직연금 지급집중화시기로 업무 및 문의가 폭주하여 고객님 문의 답변이 늦어진점 대단히 죄송하며, 고객님의 너그러운 이해 부탁드립니다. 고객님 퇴직연금 지급신청건에 대하여 화인결과 2020.3.17에 지급 신청(서류 및 잔여부담금등 납입 후 전산접수)되어 2020.3.19에 정상지급 처리 된 것으로 확인됩니다. 기타 퇴직연금 관련하여 궁금하신 사항이나 문의사항은 1661-0075로 연락주시면 친절히 상담해드리겠습니다. 감사합니다. "
80,173218,공개,일반은행에서 DB퇴직연금가입업체인데 ...,2020-03-11,백**,복지연금국,처리완료,기업은행에서 운영하는 DB퇴직연금 가입업체인데 운영수수료가 있어서 근로복지공단에서 운영하는 DB퇴직연금으로 변경 가능한지 연락 부탁드립니다,복지연금국,"<!--[if !supportemptyparas]--> <!--[endif]--> 고객님께서 문의하신 내용은 유선연락으로 답변드린바와 같이근로복지공단 퇴직연금은 확정기여형퇴직연금(dc형), 기업형irp, 개인형퇴직연금(irp)제도를 제공합니다. 기타 궁금한 사항이 있으시면 근로복지공단 콜센터(☎1661-0075)로 전화를 주시면 성심 성의껏 답변해 드리겠습니다. 이용해 주셔서 감사합니다. 오늘도 행복한 하루 보내시길 바랍니다. ※ 인터넷 질의응답은 법적인 효력을 갖는 결정이나 판단이 아니므로 각종 권리 주장의 근거 또는 증거 자료등으로 사용할 수 없으니 참고하시기 바랍니다."
81,172881,공개,퇴직연금지급에 관하여,2020-03-10,김**,복지연금국,처리완료,퇴직연금지급을 원합니다. 신청하는것이 참 복잡한데 어디로 어떻게 들어가야하는지 알려주세요,복지연금국,고객님께서 문의하신 내용은 유선연락으로 답변드렸습니다. 기타 궁금한 사항이 있으시면 근로복지공단 콜센터(☎1661-0075)로 전화를 주시면 성심 성의껏 답변해 드리겠습니다. 이용해 주셔서 감사합니다. 오늘도 행복한 하루 보내시길 바랍니다. ※ 인터넷 질의응답은 법적인 효력을 갖는 결정이나 판단이 아니므로 각종 권리 주장의 근거 또는 증거 자료등으로 사용할 수 없으니 참고하시기 바랍니다.
82,172771,공개,퇴직연금가입자의 퇴직금지급,2020-03-09,임**,복지연금국,처리완료,퇴직연금을 1년단위로 납부중입니다.  상여금이 매년 달라져서 매달 신고하는 게 번거로와 그리 하고 있습니다.   퇴직연금 1년분 납부후 반년을 더 재직한 사람에게 반년분 퇴직금은 퇴직연금으로 불입하지 않고 퇴직급여로 지급해도 되나요,복지연금국,고객님께서 문의하신 내용은 유선연락으로 답변드렸습니다. 기타 궁금한 사항이 있으시면 근로복지공단 콜센터(☎1661-0075)로 전화를 주시면 성심 성의껏 답변해 드리겠습니다. 이용해 주셔서 감사합니다. 오늘도 행복한 하루 보내시길 바랍니다. ※ 인터넷 질의응답은 법적인 효력을 갖는 결정이나 판단이 아니므로 각종 권리 주장의 근거 또는 증거 자료등으로 사용할 수 없으니 참고하시기 바랍니다.
83,172611,공개,"퇴직금처리, 실업급여",2020-03-06,김**,콜센터,처리완료,실업급여 권고사직으로 대상자인데요 직장에서 퇴직접수는 되었는데 고용센터에서 말씀하시기를 아직 근로복지공단에서 서류가 넘어오지 않아 아직 실업급여신청을 못하고 있습니다   상실처리 해주시고 퇴직금도 개인형 퇴직연금 irp 계좌만들어 접수되어서 문자도 동의도 했습니다 처리부탁드립니다,콜센터,"고객님 안녕하십니까?근로복지공단 콜센터입니다.먼저 근로복지공단에 대한 고객님의 관심에 깊이 감사드립니다. 고객님의 문의에 대해 답변이 늦어진점 대단히 죄송하며 고객님의 너그러운 이해 부탁드립니다.상실신고와 이직확인서 처리여부를 전산 확인 후 안내해야하나 고객님의 정보가 정확히 확인되지않아 확인 안내 어려운점 양해부탁드립니다.  상실신고와 이직확인서 접수처리 여부 확인 가능 경로입니다.근로복지공단 토탈서비스(total.kcomwel.or.kr) 접속> 공인인증서로 일반근로자 로그인> 정보조회> 사업장 피보험자격관리 신고현황 or 이직확인서 처리여부 조회. 입니다. 만일 상실신고, 이직확인서 처리 확인이 안되신다면 번거로우시겠지만 사업장 소재지 관할 근로복지공단 담당자와 다시 한번 확인 부탁드립니다.  * 지사찾기 : 근로복지공단홈페이지 → (좌측 상단) 공단소개 → 지역본부 및 지사에서 사업장 관할 지역본부 및 지사 연락처 등을 상세하게 검색 가능합니다.퇴직연금에 대한 문의 답변입니다. 근로복지공단에서 운영하는 퇴직연금에 가입이 되어있는 경우, 상실신고와 별도로 '퇴직연금지급신청서'와 고객님의 irp 계좌 사본 첨부하셔서 접수 해주셔야 하고 혹시 퇴직자(고객님)의 미납, 잔여 부담금이 있다면 빠른시일 내 사업장에서 납입해주셔야 합니다. 신청 해주셨다면 사업장 미납금 처리 확인이 필요하기 때문에 영업일 기준 2주정도 소요될 수 있습니다. (매년 2월~4월은 가입자의 근로계약기간 만료 등으로 퇴직연금 지급신청이 급증하여 처리가 다소 지연될 수 있습니다.)          근로복지공단에서 운영하는 퇴직연금에 가입 되어있는 경우에 한해서, 혹시 퇴직연금 처리에 대해 한번 더 확인하고자 하신다면 번거로우시겠지만 사업장 관할 근로복지공단 담당자에게 확인 부탁드립니다. * 지사찾기 : 근로복지공단홈페이지 → (좌측 상단) 공단소개 → 지역본부 및 지사에서 사업장 관할 지역본부 및 지사 연락처 등을 상세하게 검색 가능합니다.사이버 상담실에서는 일반적인 기준에 대해 안내해드리는 기관으로서 직접적인 업무처리를 하지 않음을 양해해 주시기 바랍니다. 기타 궁금한 사항이 있으시면 근로복지공단 콜센터(☎1588-0075)로 전화를 주시면 성심 성의껏 답변해 드리겠습니다. 이용해 주셔서 감사합니다. 오늘도 행복한 하루 보내시길 바랍니다.  ※ 인터넷 질의응답은 법적인 효력을 갖는 결정이나 판단이 아니므로 각종 권리 주장의 근거 또는 증거 자료등으로 사용할 수 없으니 참고하시기 바랍니다."
84,172556,공개,메모 남겼는데 전화도 없고 외근 나간...,2020-03-05,노**,콜센터,처리완료,오늘 오후 1시 넘어서 담당자와 통화하고 싶다니 다른 전화통화중이라 하여 메모를 남기고 전화부탁했습니다. 4시가 넘어서도 연락이 없어 다시 전화하니 외근 나갔다네요!! 제 메모는 무시 한겁니까? 매우 화가 납니다.,콜센터,고객님 안녕하십니까?근로복지공단 콜센터입니다.먼저 근로복지공단에 대한 고객님의 관심에 깊이 감사드립니다. ★ 고객님 불만민원을 강릉지사 전지연 과장님에게 전달하였으며 민원인과 통화하여 10시 54분경 유선으로 안내해 드린 내용으로  인터넷 상담 답변을 대신하겠습니다.기타 궁금한 사항이 있으시면 근로복지공단 콜센터(☎1588-0075)로 전화를 주시면 성심 성의껏 답변해 드리겠습니다.이용해 주셔서 감사합니다. 오늘도 행복한 하루 보내시길 바랍니다. ※ 인터넷 질의응답은 법적인 효력을 갖는 결정이나 판단이 아니므로 각종 권리 주장의 근거 또는 증거 자료등으로 사용할 수 없으니 참고하시기 바랍니다.
85,172148,공개,퇴직자 연금,2020-03-03,강**,콜센터,처리완료,퇴직교사 퇴직금 신청 중 통장사본 첨부가 용량초과로 어렵습니다.  퇴직금 지급해야할 대상은  꼬마대통령 어린이집 표명영 교사입니다.  통장을 사진으로 찍어서 첨부하려는데 안됩니다.  핸드폰 번호주시면 폰전송 할수 있기를 바랍니다,콜센터,"고객님 안녕하십니까? 근로복지공단 콜센터입니다. 먼저 근로복지공단에 대한 고객님의 관심에 깊이 감사드립니다.고객님이 문의주신 퇴직금 신청관련으로 통장사본 첩부 용량초과로 어려운부분에 대해서는 근로복지공단직원핸드폰번호로는 업무를 처리할 수 없을 것 같습니다.민원서류접수에 관련된 부분이라 개인핸드폰으로는 불가능하고 관할지사 팩스로 보내주시면 가능할 듯 싶습니다. 꼬마대통령어린이집, 대표자: 강영례 분이 맞다면 근로복지공단 관악지사 경영복지부로 확인되오니 담당자와 상의하여 처리하시기 바랍니다.담당자: 조영호 대리(02-2109-2352)  기타 궁금한 사항이 있으시면근로복지공단 콜센터(☎1588-0075)로 전화를 주시면 성심 성의껏 답변해 드리겠습니다. 이용해 주셔서 감사합니다. 오늘도 행복한 하루 보내시길 바랍니다. ※ 인터넷 질의응답은 법적인 효력을 갖는 결정이나 판단이 아니므로 각종 권리 주장의 근거 또는 증거 자료등으로 사용할 수 없으니 참고하시기 바랍니다."
86,171656,공개,피보험자이직확인서팩스,2020-02-25,이**,콜센터,처리완료,피부험자이직확신서 팩스로 가능합니까? 팩스번호를 알고싶습니다.,콜센터,고객님 안녕하십니까?근로복지공단 콜센터입니다.먼저 근로복지공단에 대한 고객님의 관심에 깊이 감사드립니다. ★ 고객님 문의사항에 대하여 2020.02.27. 10시 44분경 유선으로 안내해 드린 내용으로  인터넷 상담 답변을 대신하겠습니다.기타 궁금한 사항이 있으시면 근로복지공단 콜센터(☎1588-0075)로 전화를 주시면 성심 성의껏 답변해 드리겠습니다.이용해 주셔서 감사합니다. 오늘도 행복한 하루 보내시길 바랍니다. ※ 인터넷 질의응답은 법적인 효력을 갖는 결정이나 판단이 아니므로 각종 권리 주장의 근거 또는 증거 자료등으로 사용할 수 없으니 참고하시기 바랍니다.
87,171644,공개,퇴직연금 지급신청,2020-02-25,전**,콜센터,처리완료,"안녕하세요.  2020년 1월말 퇴직자에 대해 2020년 2월 3일 온라인 지급 신청 및 부담금 정산신청을 하였습니다. 사업자 369-09-00178 제이엠커피 남포점 퇴직자에게 가입자 동의 문자가 오지 않는다는 답변을 들어 다시 11일 온라인 신청을 하였으며, 다시 한번더 문자가 오지 않는다는 답변을 들어, 공단측에 문의하니 퇴직자가 문자거부를 하여 문자가 가지 않는다는 답변을 들어 서면(fax) 퇴직금 신청을 하였습니다. 팩스 발신후   담당지사에 접수를 확인하였고 부담금 관련 문의 후 정산 후  현재까지 퇴직금 지급은 이루어지지 않고 있습니다. 금일 다시 연락을 취해보니 서류가 누락되었다고 하며 부담금 안내 문자를 재발송받았습니다.  수차례의 퇴직연금 공단 부서의 문의를 통해도 퇴직자 1인의 퇴직급 지급조차 이루어지지 않고 있는 상황에 대해 공단측에서 인지가 필요하다고 생각되어 상담을 남기며, 업무처리 등의 전반적인 개선이 필요하다고 생각합니다.",콜센터,"고객님 안녕하십니까? 근로복지공단 콜센터입니다. 먼저 근로복지공단에 대한 고객님의 관심에 깊이 감사드립니다.담당부서로 불편하신 사항에 대해 개선요청을 하였습니다만, 고객님의 말씀으로 인하여 빠르게 개선이 될 수 있어 감사의 말씀을 전하며 다시 한번 고객님께 심려를 드려 죄송하다는 말씀을 드립니다. 추후 이런 불편을 드리지 않도록 주의를 기울이며 항상 고객님의 마음을 헤아리는공단이 될 수 있도록 노력하겠습니다. ★ 위의 답변으로 고객님의 궁금증이 해소되었기를 바라며, 답변이 충분하지 않았거나 기타 궁금한 사항이 있으시면 사업장 관할 우리 공단 소속기관 경영복지부 또는 근로복지공단콜센터(☎1588-0075)로 전화주시면 성심 성의껏 답변해 드리겠습니다. 감사합니다. "
88,171593,공개,아르바이트 실업급여 받을수 있는지 문...,2020-02-24,김**,콜센터,처리완료,안녕하세요 김채연 950227이고요  제가 근로복지공단에서 우편 작년인가 제작년에 실업급여 자격이 된다며 신청하라고 받았어요  근데 그걸 최근 집정리를 하다가 발견했는데  제가 근로복지공단과 고용보험사이트에서 확인한결과 고용보험가입된 최종알바퇴직일이 2018.08.24이더라고요 그리고 근무일수 대충계산했을때 180일은 되는데 받을수있을까요? 여기로 전화했는데 대기자가 많아서 글남겨요 ㅠㅠ 연락주세요!,콜센터,고객님 안녕하십니까? 근로복지공단 콜센터입니다.먼저 근로복지공단에 대한 고객님의 관심에 깊이 감사드립니다. 실업급여 수급자격과 관련해서는 고용노동부에서 업무를 담당하고 있습니다. 번거로우시겠지만 아래의 경로에서 상담이 가능합니다.- 대표번호: (국번없이)1350- 홈페이지: 민원마당(minwon.moel.go.kr)>민원신청>빠른인터넷상담 기타 궁금한 사항이 있으시면 근로복지공단 콜센터(☎1588-0075)로 전화를 주시면 성심 성의껏 답변해 드리겠습니다.이용해 주셔서 감사합니다. 오늘도 행복한 하루 보내시길 바랍니다. ※ 인터넷 질의응답은 법적인 효력을 갖는 결정이나 판단이 아니므로 각종 권리 주장의 근거 또는 증거 자료등으로 사용할 수 없으니 참고하시기 바랍니다.
89,171560,공개,직원 퇴직연금,2020-02-24,김**,콜센터,처리완료,2월10일부로 퇴직하였는데 퇴직금 어떻게 해야되나요?,콜센터,"고객님 안녕하십니까? 근로복지공단 콜센터입니다. 먼저 근로복지공단에 대한 고객님의 관심에 깊이 감사드립니다. 고객님께서 문의주신 내용에 대한 답변 드립니다. 회사를 퇴사하게 되면 사업장에서 퇴직연금 급여신청서와 통장개설사본를 접수해 주시면 됩니다. 잔여부담금이나 미납금 없는 경우라면 지급신청서, 통장사본 접수 시점부터 2~3주 소요 후 지급됨을 참고바랍니다.  기타 궁금한 사항이 있으시면 근로복지공단 퇴직연금 콜센터(☎1661-0075)로 전화를 주시면 성심 성의껏 답변해 드리겠습니다. 이용해 주셔서 감사합니다. 오늘도 행복한 하루 보내시길 바랍니다. ※ 인터넷 질의응답은 법적인 효력을 갖는 결정이나 판단이 아니므로 각종 권리 주장의 근거 또는 증거 자료등으로 사용할 수 없으니 참고하시기 바랍니다.  "
90,171521,공개,의료비대출 문의,2020-02-21,최**,콜센터,처리완료,안녕하세요 작년(2019) 경기도청 기간제근로자로 근무를 하면서 의료비대출을 받았습니다 현재 근로계약 해지된 상태입니다 자영업자 고용보험에 가입을 하고 3개월이 지나면 의료비대출을 추가로 받을 수 있는지 궁금합니다,콜센터,"안녕하세요. 근로복지공단 콜센터 입니다. 먼저 고객님의 문의에 대하여 답변이 늦어진점 대단히 죄송하며 고객님의 너그러운 이해 부탁드립니다.  저희 공단에서 시행중인 근로자생활안정자금 의료비대부는 근로기준법상 근로자에 한하여 대출가능한 제도입니다. 고객님의 개인정보가 없어  저희 공단 의료비 대출을 받으신 경우인지 확인되지 않습니다만, 저희 공단의 생활정자금 융자를 이용하셨다면 자영업자는 해당 사업을 이용할 수 없음을 알려드립니다. 현재 국가에서 자영업자를 위하여 많은 제도를 시행중에 있으므로 노란우산공제회, 소상공인협회 등을 통하여 알아보시는것도 좋을 것 같습니다. 저희 공단 사업과 관련하여 기타 궁금하신 사항이나 문의사항이 있으시면 1588-0075로 전화주시면 친절히 상담해드리겠습니다. 감사합니다. "
91,171393,공개,1년 계약직 병가 및 퇴직금,2020-02-20,염**,콜센터,처리완료,"2018년 4월부터 아웃소싱으로 근무를 하였고, 2018년 10월부터 2019년 2월까지 계약직으로 일하다 회사사정상 근무 장소와 환경은 똑같지만 , 회사 상호만 바뀌어서 2월부터 올해 2020년 2월까지 계약직으로 일하였으나 몸이 좋지않아 병가를 사용하였고 병가를 사용하게되면 퇴직금지급에 대한 여부가 궁금합니다. 또한 회사 내부에서 괴롭힘이나 폭언으로 인해 정신적인 피해를 보았을때 산재신청 가능한가 여쭤봅니다",콜센터,"고객님 안녕하십니까? 근로복지공단 콜센터입니다.먼저 근로복지공단에 대한 고객님의 관심에 깊이 감사드립니다. 산업재해보상보험법 제37조(업무상의 재해의 인정 기준)제1항제2호에 의하면 ""「근로기준법」 제76조의2에 따른 직장 내 괴롭힘, 고객의 폭언 등으로 인한 업무상 정신적 스트레스가 원인이 되어 발생한 질병""을 업무상 질병으로 보고 있습니다. 다만, 고객님의 상황이 여기에 해당이 되는지의 여부는 업무를 직접 수행하고 있는 관할지사에서 조사를 통해 판단할 사항으로, 인터넷상담에서 답변드리기 어렵습니다. 또한, 퇴직금 등 근로관계(근로기준법)과 관련해서는 고용노동부에서 업무를 담당하고 있습니다. 번거로우시겠지만 아래의 경로에서 상담이 가능합니다.- 대표번호: (국번없이)1350- 홈페이지: 민원마당(minwon.moel.go.kr)>민원신청>빠른인터넷상담 기타 궁금한 사항이 있으시면 근로복지공단 콜센터(☎1588-0075)로 전화를 주시면 성심 성의껏 답변해 드리겠습니다.이용해 주셔서 감사합니다. 오늘도 행복한 하루 보내시길 바랍니다. ※ 인터넷 질의응답은 법적인 효력을 갖는 결정이나 판단이 아니므로 각종 권리 주장의 근거 또는 증거 자료등으로 사용할 수 없으니 참고하시기 바랍니다. "
92,171370,공개,근로복지공단 고등학교 장학금 지급중지...,2020-02-19,박**,콜센터,처리완료,귀 공단의 무궁한 발전을 기원합니다. 다름이 아니고 2020년도부터 고등학교 장학금이 중지됨을 통보받고 한가지 말씀드리고 싶어 글을 올립니다.  거의 모든 고등학교가 국가에서 무상교육을 실시함에 장학금 지원제도가 없어지지않나 싶습니다' 고등학교에서 연간500만원내에서 받을수있었던 장학금을 대학교에 적용해주시면 어떨까 싶습니다. 실질적으로 고등학교보단 대학교 등록금이 더 부담이 되는게 현실입니다. 매년 예산을 장학생 당 500백만원을 받았으므로 공단 장학생 대학교 장학금으로 지급하면 좋겠고 가계에 많은 보탬이 되리라 생각되어집니다. 대다수의 근로복지공단 고등학교 장학금을 받고있는 학부모들의 바램 일 것입니다. 긍정적인 검토 부탁드립니다.,콜센터,고객님 안녕하십니까? 근로복지공단 콜센터입니다. 먼저 근로복지공단에 대한 고객님의 관심에 깊이 감사드립니다. 인터넷 상담은 일반적인 경우에 대한 안내만 진행하는 점에 대하여 양해부탁드립니다.문의하신 내용 관련 안내드리겠습니다.고등학교 무상교육으로 전환되어 고교장학금 지원이 중지되고 대학교 장학금으로 전환을 요청하여 관련 부서에 고객님의 의견을 전달하였습니다.  기타 궁금한 사항이 있으시면 근로복지공단 콜센터(☎1588-0075)로 전화를 주시면 성심 성의껏 답변해 드리겠습니다.이용해 주셔서 감사합니다. 오늘도 행복한 하루 보내시길 바랍니다. ※ 인터넷 질의응답은 법적인 효력을 갖는 결정이나 판단이 아니므로 각종 권리 주장의 근거 또는 증거 자료등으로 사용할 수 없으니 참고하시기 바랍니다.
93,171046,공개,"퇴사했는데, 은행으로부터 퇴직연금부담...",2020-02-14,맹**,콜센터,처리완료,"저의 지인의 경우입니다.  이미 퇴직을 한참전에 했습니다. 그런데 은행으로부터 퇴직연금부담금 납입현황안내문이 계속옵니다. 매월 미납부담금이 일정하게 늘어나는걸로 봐서는 퇴직연금이 아직 해지가 안된것 같습니다. 1. 4대보험상으로는 퇴직한 상태인데, 퇴직연금이 아직 그대로 유지될수 있습니까?  2. 개인적으로 받게될 불이익이 없을까요? 별다른 조치없이 그대로 둬도 됩니까?",콜센터,"고객님 안녕하십니까? 근로복지공단 콜센터입니다. 먼저 근로복지공단에 대한 고객님의 관심에 깊이 감사드립니다.1. 4대보험상으로는 퇴직한 상태인데, 퇴직연금이 아직 그대로 유지될수 있습니까? 답: 근로자가 이미 퇴직한 상태이고 퇴직연금이 그대로 유지되고 있다면 퇴사한 근로자에 대해서 퇴직연금신청을 하지 않아서 유지가 될 수 있습니다.2. 개인적으로 받게될 불이익이 없을까요? 별다른 조치없이 그대로 둬도 됩니까?답: 개인적으로 받는 불이익은 없으나 퇴직연금청구의 소멸시효는 퇴사일로 3년으로 되어 있습니다. 퇴직연금 가입현재상태 및 지급관련 문의에 대하여 근로복지공단 퇴직연금 가입인지 확인해보시고 맞다면 근로복지공단 퇴직연금 대표전화 1661-0075번으로 문의하여 주시기바랍니다.  ※ 인터넷 질의응답은 법적인 효력을 갖는 결정이나 판단이 아니므로 각종 권리 주장의 근거 또는 증거 자료등으로 사용할 수 없으니 참고하시기 바랍니다."
94,171039,공개,퇴직금 지급문의,2020-02-14,신**,콜센터,처리완료,"안녕하세요 제가 지난 1원 23일 퇴사하였는데 퇴직금 300만원이 되질 않습니다. 혹시 300만원 미만일경우 IRP계좌 미개설해도 급여통장으로 지급 가능하다고 했는데 회사측에서 거부하고있습니다. 제가아는게 맞는지, 또 제가 아는게 맞다면 전 어떻게 대응해야하는지 확인부탁드립니다",콜센터,고객님 안녕하십니까? 근로복지공단 콜센터입니다.먼저 근로복지공단에 대한 고객님의 관심에 깊이 감사드립니다. 2020.02.18 고객님의 문의사항이 기처리되었음을 확인하고 종결합니다. 기타 궁금한 사항이 있으시면 근로복지공단 콜센터(☎1588-0075)로 전화를 주시면 성심 성의껏 답변해 드리겠 습니다.이용해 주셔서 감사합니다. 오늘도 행복한 하루 보내시길 바랍니다. ※ 인터넷 질의응답은 법적인 효력을 갖는 결정이나 판단이 아니므로 각종 권리 주장의 근거 또는 증거 자료등 으로 사용할 수 없으니 참고하시기 바랍니다.  
95,171027,공개,퇴직금,2020-02-13,이**,콜센터,처리완료,연금으로 정립된 총퇴직급여 운용수익/사용자 부담금 으로 정립된 총액에서 어느 부분만이 회사의 퇴지금 금액으로 보아야 하는지 알고 싶습니다. 총 퇴직금에서 연금을 뺀 나머지 차익을 청구하려 하는데 어디까지가 정립된 퇴직금으로 보아야 하는지를 보야야 합니까. 운용 수익금도 회사가 지급하는 정상적 지급금으로 인정하여야 하는지에 대한 질문 입니다. 그러면 왜 포함해야 하는지에 대해서 질문 드립니다. 운용시 자산운용 책임은 근로자에게 있다는 연금 설명을 하고 있는 것을 어떻게 이해하여야 하는지에 대한 질문입니다. 전 직장에서 받아야 되는 퇴직금에 대한 갈등이 발생 가능성이 있는 현재 빠른 답번 부탁드립니다. 감사합니다. 수고하세요,콜센터,"고객님 안녕하십니까? 근로복지공단 콜센터입니다.먼저 근로복지공단에 대한 고객님의 관심에 깊이 감사드립니다. 2020.02.20 17:20경 1차 유선연락하였으며, 고객님께서 운전중인 관계로 통화가능할 때 2차 유선통화 예정입니다. (052-704-7671 정경희 차장) 기타 궁금한 사항이 있으시면 근로복지공단 콜센터(☎1588-0075)로 전화를 주시면 성심 성의껏 답변해 드리겠습니다. 이용해 주셔서 감사합니다. 오늘도 행복한 하루 보내시길 바랍니다. ※ 인터넷 질의응답은 법적인 효력을 갖는 결정이나 판단이 아니므로 각종 권리 주장의 근거 또는 증거 자료등으로 사용할 수 없으니 참고하시기 바랍니다."
96,170743,공개,고용보험 상실사유 문의,2020-02-10,박**,콜센터,처리완료,고용보험 상실사유를 26-3으로 처리될 경우 실업급여 신청이 가능한 지 확인과 함께 해당 상실사유로 퇴직되었을 경우 이직이나 재취업에서 불이익이 발생할 수 있는지 (조회가능 등) 확인이 필요합니다.  빠른 회신 부탁드립니다. 감사합니다.,콜센터,고객님 안녕하십니까? 근로복지공단 콜센터입니다.먼저 근로복지공단에 대한 고객님의 관심에 깊이 감사드립니다. 고객님께서 문의주신 실업급여 수급자격과 관련해서는 고용노동부에서 업무를 담당하고 있습니다. 번거로우시겠지만 아래의 경로에서 상담이 가능합니다.- 대표번호: (국번없이)1350- 홈페이지: 민원마당(minwon.moel.go.kr)>민원신청>빠른인터넷상담 기타 궁금한 사항이 있으시면 근로복지공단 콜센터(1588-0075)로 전화를 주시면 성심성의껏 답변해 드리겠습니다. 이용해주셔서 감사합니다. 오늘도 행복한 하루 보내시길 바랍니다. ※인터넷 질의응답은 법적인 효력을 갖는 결정이나 판단이 아니므로 각종 권리 주장의 근거 또는 증거 자료등으로 사용할 수 없으니 참고하시기 바랍니다. 
97,169886,공개,육아기 근로시간 단축제도 시행 근로자...,2020-01-30,이**,복지연금국,처리완료,"육아기 근로시간 단축제도에 따라,  통상임금 200백만원, 주 40시간 근무자가 주5시간의 육아기 근로시간 단축제도를 시행하면, 회사에선 200x35/40=175만원의 월급여를 지급하고 나머지 200x5/50=25만원의 급여는  정부가 지원하게 됩니다.  그럼, 회사는 퇴직연금을 적립을 위해서 보통 200만원/12개월의 금액을 적립했는데, 육아기 근로시간 단축기간(1년예상)동안에는 175만원/12개월의 금액을 적립해야 하는지 아니면, 단축근로 이후에 더 다닐 수 있는 경우가 있기 때문에 보통처럼 200만원/12개월로 계속 적립을  해야하는지 궁금합니다.",복지연금국,확정기여형 퇴직연금은 사업장의 부담금수준(임금총액의 1/12이상)이 사전에 결정되어 있는 제도입니다.부담금 산정방법 등에 관한 문의는 고용노동부에 문의할 사항으로 보여집니다.기타 궁금한 사항이 있으시면 근로복지공단 콜센터(☎1661-0075)로 전화를 주시면 성심 성의껏 답변해 드리겠습니다. 이용해 주셔서 감사합니다. 오늘도 행복한 하루 보내시길 바랍니다. ※ 인터넷 질의응답은 법적인 효력을 갖는 결정이나 판단이 아니므로 각종 권리 주장의 근거 또는 증거 자료등으로 사용할 수 없으니 참고하시기 바랍니다.
98,169661,공개,이직확인서관련,2020-01-29,강**,콜센터,처리완료,이직확인서 처리상태에 일부승인처리가났는데 승인이면 승인이지 일부승인은 좀더 기다려야되는건가요?,콜센터,"고객님 안녕하세요근로복지공단콜센터입니다.먼저 근로복지공단에 대한 고객님의 관심에 깊이 감사 드립니다.고객님께서 문의하신 내용에 대해 2020.1.31. 13:46분경 유선 안내드렸으며, 유선안내 내용으로 답변을 갈음하고자 합니다.기타 저희 근로복지공단 문의 관련해서는 언제든지 근로복지공단 콜센터(☎1588-0075) 또는 관할 근로복지공단 지역본부(지사)로 전화를 주시면 성심 성의껏 답변해 드리겠습니다.※ 인터넷 질의응답은 법적인 효력을 갖는 결정이나 판단이 아니므로 각종 권리 주장의 근거 또는 증거 자료등으로 사용할 수 없으니 참고하시기 바랍니다."
99,169254,공개,퇴직금,2020-01-22,홍**,콜센터,처리완료,2019년 3월4일 월요일근무시작하여 2020년 2월 28일 금요일로 이직처리될것같습니다ㆍ 1년이상 근무시 퇴직금받을수있는데  해당되는지 알고싶습니다ㆍ 안되면 휴일빼고 1년 근무인데 왜 안되는지 꼭 알려주세요 어린이집 보육교사 1년근무자 모두해당하니까요,콜센터,"고객님 안녕하십니까?근로복지공단 콜센터입니다.먼저 근로복지공단에 대한 고객님의 관심에 깊이 감사드립니다.고객님께서 문의해 주신 사항은 근로기준법 관련으로서 현재 고용노동부 소관업무에 해당되므로, 불편하시겠지만 아래 경로로 고용노동부에 문의해 주시기 바랍니다.■ 전   화 : (고객상담센터) 국번 없이 1350 ■ 인터넷 : 민원마당(minwon.moel.go.kr) > 민원신청 > 빠른인터넷상담 보다 나은 서비스 제공을 위해 항상 노력하겠습니다. 오늘도 행복한 하루 보내시길 바랍니다. ※ 인터넷 질의응답은 법적인 효력을 갖는 결정이나 판단이 아니므로 각종 권리 주장의 근거 또는 증거 자료 등으로 사용할 수 없으니 참고하시길 바랍니다.   "
100,169055,공개,DC형 퇴직연금의 근속기간 포함 여부...,2020-01-21,김**,복지연금국,처리완료,"안녕하세요  저희는 DC형 퇴직연금을 운용하고 있는 법인사업장 입니다.   첫번째 질의, DC형 퇴직연금 불입 시 사용자의 승인을 얻어 휴업한 기간에 대해서는 해당기간의 임금을 제외한 나머지 연간임금총액을 해당기간을 제외한 기간으로 나눈 금액을 부담금으로 납부 하여야 하는데 취업규칙상에는 육아휴직/출산휴직을 제외한 개인적 휴직의 경우에는 근속연수로 보지 않는 다고 되어 있습니다.  이 경우, 퇴직연금 불입 시 개인적 사유로 인한 휴직은 기간에서 제외하여야 하는 것인지 근로자퇴직급여 보장법에 따라 근속기간을 제외하고 불입을 하여야 하는지 궁금합니다.   (ex)  1. 휴직기간을 제외 한 경우 2019년 임금 총액 5600만원 개인 휴직 기간 : 3개월 DC형 퇴직연금 불입액 : 5600만원/(12-3) = 622만원  2. 휴직기간을 포함한 경우 2019년 임금 총액 5600만원 개인 휴직 기간 : 3개월 DC형 퇴직연금 불입액 : 5600만원/12 = 466만원  ----2가지 방법 중 어떤 방법으로 불입을 해야 하나요?  두번째 질의, 왜 내용과 동일 선상입니다.  취업규칙 상에는 개인휴직의 경우 근속연수로 인정하지 않는 경우  1년 이상 휴직 시 퇴직연금 불입액은 어떻게 산정해야 하나요?  (ex)  1. 전년도 임금 총액 기준  개인 휴직 기간 : 2019년 1월~12월 휴직 2019년도 임금 총액 ; 0월  2018년도 임금 총액 : 5600만원 DC형 퇴직연금 불입액 : 5600만원 /12 = 466만원  2. 미 불입 개인 휴직 기간 : 2019년 1월~12월 휴직 2019년도 임금 총액 ; 0월  2018년도 임금 총액 : 5600만원 DC형 퇴직연금 불입액 : 0월(2019년도 임금총액이 0이므로)  2가지 방법 중 어느 방법으로 불입을 해야 하나요?",복지연금국,고객님께서 문의하신 내용은 유선연락으로 답변드렸습니다. 기타 궁금한 사항이 있으시면 근로복지공단 콜센터(☎1661-0075)로 전화를 주시면 성심 성의껏 답변해 드리겠습니다. 이용해 주셔서 감사합니다. 오늘도 행복한 하루 보내시길 바랍니다. ※ 인터넷 질의응답은 법적인 효력을 갖는 결정이나 판단이 아니므로 각종 권리 주장의 근거 또는 증거 자료등으로 사용할 수 없으니 참고하시기 바랍니다.
101,168917,공개,명예퇴직 후 실직수당  가능한 여건에...,2020-01-20,김**,콜센터,처리완료,저는 한국음악이론을 전공하여 1995년부터 광주시립국악관현악과 시립창극단에서 운영실장(단무장)으로 근무중에 2018년 8월 당시시립극단의 예술감독과 운영실장  2명이 공금횡령등의 혐의로 감사와 경검수사에 의해 징역형(집행유예)이 확실시  되므로 창극단 운영실장으로 있던 본인을 극단으로 급히 발령하여 정상화에 힘쓰도록 사여 신임 예술감독  선임과 공연  등 열심히 일에 매진하였지만 비전공으로서 따돌림과 특히 최근 이루어진 시립여술단 혁신을 위한 TF 조사에서 극단 해단이 확실시 되므로 책임감과 장래희망의 상실로 명예퇴직 을 신청하여 2019년 12월 31일로 퇴직하옇습니다. 이런 경우 실업수당을 받을 근거가 되는지 살펴주시기 바랍니다.,콜센터,고객님 안녕하십니까?근로복지공단 콜센터입니다.먼저 근로복지공단에 대한 고객님의 관심에 깊이 감사드립니다. 고객님께서 문의하신 명예퇴직 후 실직수당 가능한 여건에 해당하는지 검토 등의  내용은 안타깝게도 우리 공단에서 안내드릴 수 없는 업무임을 양해해 주시기 바랍니다. 근로복지공단은 고용·산재보험 가입·부과·피보험자 관리 및 산재 보상·요양·재활·의료서비스 업무와 그 외 일자리안정자금지원 등의 일부 복지업무를 수행하고 있습니다. ★ 고객님께서 문의하신 내용은 근로기준법 관련한 사안으로 고용노동부 소관업무입니다.  번거로우시겠지만 아래와 같은 방법으로 고용노동부로 다시 한번 문의하시기 바랍니다.   - 전화 문의 : 고용노동부 고객상담센터 (국번 없이 1350) - 인터넷 문의 : 고용노동부 홈페이지(www.moel.go.kr) > 민원마당 > 민원신청 > 빠른 인터넷상담  기타 궁금한 사항이 있으시면 근로복지공단 콜 센터(☎1588-0075)로 전화를 주시면 성심 성의껏 답변해 드리겠습니다.이용해 주셔서 감사합니다. 오늘도 행복한 하루 보내시길 바랍니다. ※ 인터넷 질의응답은 법적인 효력을 갖는 결정이나 판단이 아니므로 각종 권리 주장의 근거 또는 증거 자료 등으로 사용할 수 없으니 참고하시기 바랍니다.
102,168892,공개,학원 지입차량 퇴직금 관련 문의 드립...,2020-01-19,김**,콜센터,처리완료,"학원에 지입차량 기사님이 일주일에 5일 1시 반부터 6시반까지 일을 하시고 계십니다. 기사님은 오전에는 지입차량업체 사무실 대표님으로 일하시고, 오후에 저희 학원에서 현재 일을 하고 계시는데 1년 이상일을하면 그에 맞는 퇴직금을 드려야하는지 의문입니다. 답변해주시면 감사하겠습니다.",콜센터,"고객님 안녕하십니까?근로복지공단 콜센터입니다.먼저 근로복지공단에 대한 고객님의 관심에 깊이 감사드립니다.근로복지공단은 고용·산재보험 가입·부과 및 산재 보상·요양·재활·의료서비스 업무와 그 외 일자리안정자금지원 등의 일부 복지업무를 수행하고 있습니다. 고객님이 문의하신 퇴직금 지급 관련 내용은 근로관계, 근로조건 및 퇴직금 지급의무와 관련된 고용노동부에서 관할하는 업무이므로 안타깝게도 우리 공단에서 안내드릴 수 없는 업무임을 양해해 주시기 바랍니다. 따라서, 번거롭지만 고용노동부 대표전화 ☎1350(국번없음) 또는 고용노동부 홈페이지(www.moel.go.kr)→ 민원→ 민원마당 바로가기→ 민원신청→ 빠른인터넷상담을 이용하시어 문의해 주시기 바랍니다. 기타 궁금한 사항이 있으시면 근로복지공단 콜센터(☎1588-0075)로 전화를 주시면 성심 성의껏 답변해 드리겠습니다. 이용해 주셔서 감사합니다. 오늘도 행복한 하루 보내시길 바랍니다. ※ 인터넷 질의응답은 법적인 효력을 갖는 결정이나 판단이 아니므로 각종 권리 주장의 근거 또는 증거 자료등으로 사용할 수 없으니 참고하시기 바랍니다."
103,168811,공개,이직확인서,2020-01-17,김**,콜센터,처리완료,고용보험사이트에서 이직확인서 확인하려는데 여기사이트로 들어와지더니 여기사이트에선 이직확인서를 확인하는칸이 없어요.  이직확인서 서류 보냈는데 확인좀 해주세요.,콜센터,근로복지공단 콜센터입니다.먼저 근로복지공단에 대한 고객님의 관심에 깊이 감사드립니다.문의하신 내용에 대해 2020-01-17 14:45경 유선안내드렸습니다.기타 궁금한 사항이 있으시면 근로복지공단 콜센터(☎1588-0075)로 전화를 주시면 성심 성의껏 답변해 드리겠습니다.이용해 주셔서 감사합니다. 오늘도 행복한 하루 보내시길 바랍니다.※ 인터넷 질의응답은 법적인 효력을 갖는 결정이나 판단이 아니므로 각종 권리 주장의 근거 또는 증거 자료등으로 사용할 수 없으니 참고하시기 바랍니다.
104,168393,공개,퇴직연금 지급 관련 문의 드립니다.,2020-01-07,전**,복지연금국,처리완료,"안녕하세요,   12월 20일에 다니던 회사를 퇴사하고, 퇴직 연금 지급 신청을 회사에 요청 하였습니다.  그리고, 문자로 안내온 메시지를 확인하고 스마트폰으로 인증은 진행하였습니다.  문자로 안내해준 내용에는 14일 이내에 퇴직연금이 지급 된다고 나와있었느데요.  2019년 12월 20일에 인증하고 현재 까지 추가 안내가 없네요...  진행현황을 조회하기 위해, 근로복지공단 퇴직연금에 회원 가입하였느나 진행현황은 조회가 안되네요. 콜센터도... 매번 통화중이고요.  퇴직연금 지급 관련 현재 진행 사항을 알고 싶은데.  담당자 연락처 또는 퇴직연급 지급 일정을 알 수 있을 까요?",복지연금국,고객님께서 문의하신 내용은 유선연락으로 답변드렸습니다. 기타 궁금한 사항이 있으시면 근로복지공단 콜센터(☎1661-0075)로 전화를 주시면 성심 성의껏 답변해 드리겠습니다. 이용해 주셔서 감사합니다. 오늘도 행복한 하루 보내시길 바랍니다. ※ 인터넷 질의응답은 법적인 효력을 갖는 결정이나 판단이 아니므로 각종 권리 주장의 근거 또는 증거 자료등으로 사용할 수 없으니 참고하시기 바랍니다.
105,168380,공개,[퇴직연금] 가입안내 부탁드립니다,2020-01-07,신**,복지연금국,처리완료,안녕하세요 2018년 5월 창업한 법인 대표입니다. 퇴직연금을 가입하러 은행을 방문하였더니 근로복지공단에 먼저 가서 처리하라고 하더라구요  현재 본인(대표) 포함하여 총 5명이 근무중입니다. 퇴직연금 가입 절차에 대한 안내서 및 가입에 도움을 주실 수 있는지 해서요  답변 부탁드리겠습니다.  감사합니다.,복지연금국,고객님께서 문의하신 내용은 유선연락으로 답변드렸습니다. 기타 궁금한 사항이 있으시면 근로복지공단 콜센터(☎1661-0075)로 전화를 주시면 성심 성의껏 답변해 드리겠습니다. 이용해 주셔서 감사합니다. 오늘도 행복한 하루 보내시길 바랍니다. ※ 인터넷 질의응답은 법적인 효력을 갖는 결정이나 판단이 아니므로 각종 권리 주장의 근거 또는 증거 자료등으로 사용할 수 없으니 참고하시기 바랍니다.
106,168364,공개,퇴직연금 중도인출 서류관련,2020-01-06,이**,복지연금국,처리완료,전세자금때문에 중도인출신청예저인데요 서류중  현거주지 주민등록등본- 지금 이사전 집말하는거고 현거주지 건물등기부등본=?? 계약한집꺼인지(이사갈집) 아님 지금 이사전이니 지금 집을 말하는건지해서요,복지연금국,고객님께서 문의하신 내용은 유선연락으로 답변드렸습니다. 기타 궁금한 사항이 있으시면 근로복지공단 콜센터(☎1661-0075)로 전화를 주시면 성심 성의껏 답변해 드리겠습니다. 이용해 주셔서 감사합니다. 오늘도 행복한 하루 보내시길 바랍니다. ※ 인터넷 질의응답은 법적인 효력을 갖는 결정이나 판단이 아니므로 각종 권리 주장의 근거 또는 증거 자료등으로 사용할 수 없으니 참고하시기 바랍니다.
107,168332,공개,산재유족연금 수급권자 의료비 융자문의...,2020-01-06,박**,콜센터,처리완료,산재유족연금 월190 정도 받고있어요.  아이둘 포함 3인가족 이구요.  사이트나 고객센터에 문의하면 의료비 융자가 가능하다고 하던데요.  관할지사에 문의하니 의료비는 해당이 안된다고 하더군요.  다시 고객센터에 문의하니 또 된다고 했다가 관할 지사에서 안된다고  했다니까 그럼 그말이 맞을꺼라고 하는데요.  다른지역에 문의해보니 또 된다네요. 된다는 건가요? 안된다는 건가요?,콜센터,고객님 안녕하십니까?근로복지공단 콜센터입니다.먼저 근로복지공단에 대한 고객님의 관심에 깊이 감사드립니다.고객님께서 문의해주신 의료비 대부와 관련하여 2020.01.07.14:23 경 유선상 안내해 드렸습니다. 업무처리 잘 되시길 바랍니다.기타 궁금한 사항이 있으시면 근로복지공단 콜센터(☎1588-0075)로 전화를 주시면 성심 성의껏 답변해 드리겠습니다.이용해 주셔서 감사합니다. 오늘도 행복한 하루 보내시길 바랍니다.※ 인터넷 질의응답은 법적인 효력을 갖는 결정이나 판단이 아니므로 각종 권리 주장의 근거 또는 증거 자료등으로 사용할 수 없으니 참고하시기 바랍니다.    
108,168298,공개,퇴직금산정관련하여 문의드립니다.,2020-01-04,최**,콜센터,처리완료,퇴직하는 선생님관련해서요 저희사업장은 언어치료센터이고 선생님들은 비율제(6:4)로 급여를 받고있습니다. 주당계산하면 최고근무시간이 30시간 미만이구요 급여계산시 퇴직하는달 기준으로 3개월평균급여를 계산하는 것으로 알고있습니다. 그러나 이경우는 정규직으로 정시출퇴근하는 경우에만 적용하는 것으로 보이는데요 시간강사같은 경우에도 위와같이 정산해야 하는지요 도움주시면 감사하겠습니다.,콜센터,고객님 안녕하십니까? 근로복지공단 콜센터입니다. 먼저 근로복지공단에 대한 고객님의 관심에 깊이 감사드립니다.고객님께서 문의해 주신 내용은 근로기준법 관련으로서 고용노동부 고유업무로 고용노동부로 문의해보시기바랍니다.■ 전화 문의 : 고용노동부 고객상담센터 (국번 없이 ☎ 1350)    ■ 인터넷 문의 : 고용노동부 홈페이지(www.moel.go.kr) > 민원마당 > 민원신청 > 빠른 인터넷상담 기타 궁금한 사항이 있으시면 근로복지공단 콜센터(☎1588-0075)로 전화를 주시면 성심 성의껏 답변해 드리겠습니다. 이용해 주셔서 감사합니다. 오늘도 행복한 하루 보내시길 바랍니다. ※ 인터넷 질의응답은 법적인 효력을 갖는 결정이나 판단이 아니므로 각종 권리 주장의 근거 또는 증거 자료등으로 사용할 수 없으니 참고하시기 바랍니다.
