글번호,공개여부,제목,등록일,작성자,처리지사,진행현황,내용,답변자,답변내용
184357,공개,수도권제1순환고속도로 이용시,2020-09-16,정**,안산병원,처리완료,근로복지공단 안산병원 홈페이지에 들어가보니까 병원안내에 병원위치안내에 들어가보니까 자가용 운전자를 위한 교통안내에 세 번째에 뭔가 서울외곽순환도로 이용시가 갑자기 계속해서 쓰여져 있습니다. 서울외곽순환도로는 2020년 9월 1일 화요일에 수도권제1순환고속도로로 바뀌었습니다. 그러면 근로복지공단 안산병원 홈페이지에 들어가셔서 병원안내에 병원위치안내에 들어가셔서 자가용 운전자를 위한 교통안내에 세 번째를 수도권제1순환고속도로 이용시를 수정 하고자 합니다.,안산병원, 정두현 고객님 ^^ 소중한 시간을 내어 공단 홈페이지에 의견 올려주셔서 감사드립니다. 서울외관순환도로로 표기된 부분은 수도권 제1순환고속도로로 수정게시하겠습니다. 앞으로도 저희병원은 고객님들께 불편함이 없도록 더욱 더 노력하겠습니다. 고객님의 가정에 늘 행복이 함께 하기를 기원합니다.
184355,공개,영동고속도로 이용시 : 안산IC로 진...,2020-09-16,정**,안산병원,처리완료,근로복지공단 안산병원 홈페이지에 들어가보니까 병원안내에 병원위치안내에 들어가보니까 자가용 운전자를 위한 교통안내에 두 번째에 뭔가 신갈-안산간 고속도로 이용시 : 안산IC로 진입이 갑자기 계속해서 쓰여져 있습니다. 신갈-안산간 고속도로가 아니라 영동고속도로였습니다. 그러면 근로복지공단 안산병원 홈페이지에 들어가셔서 병원안내에 병원위치안내에 들어가셔서 자가용 운전자를 위한 교통안내에 두 번째를 영동고속도로 이용시 : 안산IC로 진입을 수정 하고자 합니다.,안산병원,정두현 고객님 ^^ 소중한 시간을 내어 공단 홈페이지에 의견 올려주셔서 감사드립니다. 신갈-안산간 고속도로 표기된 부분은 영동고속도로로수정게시 하겠습니다. 앞으로도 저희병원은 고객님들께 불편함이 없도록 더욱 더 노력하겠습니다. 고객님의 가정에 늘 행복이 함께 하기를 기원합니다. 
183336,공개,근로복지공단 창원병원 신경외과 외래 ...,2020-08-30,홍**,창원병원,처리완료,"올해 초 한차례 고통스러운 코로나19사태를 넘겼지만 또다시 2차 대유행을 맞닥뜨려 모두가 마스크 속에서 힘든 나날들을 걱정과 우려로 보내고 있습니다. 대한민국이 지금까지 ‘K-방역’으로써 이렇게 버틸 수 있었던 힘은 대한민국 국민의 선진 의식과 모든 의료진 덕분이었습니다. 글을 쓰기에 앞서 국민의 안전을 위하여 치열하게 고군분투하고 있는 의료진들께 감사함을 전합니다.   민원 내용은 다음과 같습니다.  2020년 08월 16일 미끄러 넘어진 후 허리 및 꼬리뼈 통증이 지속되어 근로복지공단 창원병원 응급실 내원 X-ray 상 특이 소견 없으나 증상 지속 시 외래 방문하여 추후 진료 필요하다는 설명 듣고 귀가  2020년 08월 23일 경구약 복용 후에도 통증 지속되어 응급실 재내원 정밀검사 위해 평일 오전 신경외과 외래 내원 필요성 설명 듣고 근육주사 처치 후 귀가  2020년 08월 24일 신경외과 외래 방문하여 PELVIS-CT 체크하고 담당의에게 골절 소견 없으나 불편감 지속 시 허리 혹은 다른 부위 문제 있을 수 있으므로 통증 빈도 잦을 시 재내원 필요성 설명 들은 후 귀가  *진료대기 중 두 명의 간호사의 대화 (환자에게까지 들리는지 몰랐던가 봅니다.) “X-ray 찍고 골절 아니면 아닌 거지 별것도 아닌 걸로 또 와서...”  2020년 08월 25일 *오전 10시경 창원병원 측으로 수신전화 (퉁명스러운 말투의 간호사의 전화) ""골절 의심되니 병원 와서 설명 들으세요."" (환자) “어제 골절이 아니라고 설명 들었는데, 골절이 의심이 되는 건 무엇인가요?” (퉁명스러운 말투의 간호사의 전화) “와서 설명 들으세요.”  *외래방문 14시 (신경외과 의사) “골절이든 아니든 치료 방향은 같지만 보험 관련하여 문의하는 환자들도 있어 재내원 설명했습니다.” (신경외과 진료실에서 나온 후 환자가 간호사에게 질문) “두 개의 보험회사에 제출해야 해서 다른 종류의 서류가 필요합니다.”  (신경외과 외래간호사) “그런 거는 원무과 가서 이야기 하세요.”     골절이든 아니든 치료 방향이 같다는 사실은 이미 응급실 의사의 언급을 통해 알고 있었습니다. 하지만 과정이 어찌되었든 결과론적으로 병원 측의 잘못으로 설명을 다시 듣기 위해 재내원 했음에도 불구하고 ‘신경외과 의사 판단으로 골절이 아니더라도 영상의학 전문의 판독 후에 판독 결과가 바뀔 수 있다. 우선 하루 만에 재방문으로 번거롭게 하여 죄송하다.’와 같은 말은 직원 그 누구의 입에서 들을 수 없었습니다. 또한 단지 보험서류 필요유무에 관한 설명을 듣기 위해 재내원 했음에도 불구하고 간호사는 원무과 직원에게 업무를 전가하는 태도는 바람직해 보이지 않았습니다. 일반 환자들이 보험과 관련한 서류 업무를 병원 직원 중 누가 처리하는지 어찌 상세히 알겠습니까? 저는 지금 직원들 각자의 업무를 지적하고자 하는 것이 아니라 그 간호사의 태도에 있습니다.  재내원해서 설명을 들을 수 있겠냐고 정중히 부탁한 것도 아니고, 전날 골절 아니라고 버젓이 설명 해놓고 ‘나이롱? 환자’ 취급 하지를 않나, 사실 판독 결과가 나온 후 걸려온 불친절한 전화예절만으로도 기분이 상당히 불쾌했습니다.   평소 예민한 편은 아니지만 통증 강도가 심했고 판독 결과로 번복된 골절 사실을 알고 난 뒤에는 깊은 고민을 하게 되었습니다. 고민의 끝에 병원의 시스템에 대한 궁금증과 함께 CS는 어떤 방식으로 진행되고 있는지에 대한 의문이 들었고 본 글을 작성하기에 이르렀습니다.  하루 종일 아픈 환자와 마주하며 일을 해야 하는 업무의 강도도 높고 스트레스도 많은 직군으로 간호사가 손꼽히는 것으로 알고 있습니다. 그러나 말 한마디에 병원의 이미지는 좌우됩니다. 또한 어떤 마인드로 서비스를 제공하는지에 따라 병원의 이미지와 가치는 결정됩니다. 병원 업무, 힘들고 어렵습니다. 하지만 무조건 서비스를 잘해야 한다는 부담과 매너리즘에 갇힌 사고를 좀 더 유연하게 이끌어줄 수 있는 변화된 병원 CS 교육을 통하여 불친절한 ‘문예림 간호사’에 대해서는 엄중한 처벌을 하여 근로복지공단 창원병원이 변모된 모습으로 새롭게 태어날 수 있도록 따끔한 일침을 가해 주실 것을 정중히 요청합니다.  마지막으로 다시 한 번 최전선에서 코로나19와 맞서 싸우고 있는 의료진들께 경의와 응원을 전합니다.  긴 글 읽어주셔서 감사합니다.",창원병원,불편한 몸으로 저희병원을 방문해주셨는데 저의 말투와 행동으로 고객님께 불편을 드린 점 진심으로 사과드립니다. 항상 고객을 대하기 전에 따뜻하고 친절한 마인드로 응대했다고 생각했는데 이번 기회로 저를 한번 돌아보고 고객의 입장에서 생각하고 이해할 수 있도록 부족한 부분을 채워가는 간호사가 될 것을 약속드립니다. 앞으로 충분한 설명과 긍정적인 응대태도로 내원고객님이 만족할 수 있는 진료가 되도록 고객만족에 최선을 다하겠습니다. 고객님의 관심에 한번 더 감사드리며 고객님의 건강을 기원합니다.
183077,공개,올바른 마스크 착용이 해답이다.,2020-08-22,장**,순천병원,처리완료,"마스크는 실내,실외 어디서나 올바르게 착용 해야합니다.  안하자니 무식해보여 하는 흉내만 내는 턱에 걸치는 턱스크 형,  코로라 바이러스를 흡입할 수 있게 코구멍을 내보이며 쓰는 코스크 형,  코로나 바이러스가 넓은곳에 많이 가라 앉을수 있게 윗쪽을 헐렁하게 벌려 쓰는 형,  말할때마다 마스크가 내려가 형식과 폼만 재는 형, 없어져야 할 모습입니다. 아니면  아예 다 벗고 다니세요@@@  실내에서도 꼭 마스크를 쓰고 다녀야 합니다.  실내 공간에서 움직일 때는 안전거리가 존재하지 않습니다. 오늘 순천의 ^^^병원에서 직원이 확진자가 나왔습니다....분당 차병원, 세브란스, 아산병원 등 의료 종사자들이 더욱 개인 방역에 신경쓰고 전문가다운 모습을 보여야 합니다. 의료기관 종사자들이 접하는 사람들은 면역기능이 떨어지고 질환이 있는 사람들이기 때문입니다. 제가 최근 의료 기관을 다녀보면 마스크를 올바르게 착용 하지않고, 편법으로 적당히 쓰는 시늉만 하고, 기초적인 방역 상식도 지키지 않는 종사자들을 보는 순간 저 사람들은 의료인이라 감염이 안된가 보다 생각하다가도 가슴이 덜컹 내려않고 별의별 생각이 듭니다. 순간 편하다고, 조금 갑갑하다고, 주위에서 누군가 말을 안한다고 쓰윽 눈치보고 변칙으로 쓰다가, 나중에는 눈치 자체도 안보고 그런것이 당연하고 당당한것 처럼 하고 다니는 경우가 있습니다. 그것이 습관이 되면 자기가 위험에 노출될뿐 아니라 남들에게 돌이킬수 피해를 주는 행위입니다. 순간에 편안함을 추구하는 타성이 방역망에 금이 갑니다.  이제 다시한번 마음을 다지고 선진 시민의 모습을 보여줍시다. #올바른 마스크 착용 #실내와 실외에서 마스크 착용 #음식물 먹을때 외에는 무조건 마스크 착용 #통화할 때도 마스크 착용",순천병원,장일승 고객님  안녕하십니까? 최근 순천에 코로나 19확산으로 인하여 선생님께서 좋은 의견을 주셔서 감사합니다. 선생님께서 의견주신 내용을 직원 및 환자. 보호자에게 곳곳에 다니면서 교육과 설명을 드렸고 앞으로도 의견을 주신내용 잘 숙지해서 수시로 교육을 할 예정입니다. 고객님 저희 순천병원에 바쁘신 와중에도 관심을 가져주셔 정말 감사하고 너무나도 고맙습니다 코로나 시기에 건강조심하시고 언제나 행복한 날 되십시오 다시한번 감사드립니다                              순천병원 고객담당 올림
181402,공개,임금,2020-07-02,김**,인천병원,처리완료,2020년 04월 13일 부터 06월01일 까지 백령도 소재 동서에너지 회사에서 월대로 계약하고  일을하다 그 회사 소속 바지선 계단에서 미끄러저 부상을 당해 전치 8주 진단을  병원으로부터 받았읍니다. 저는 하청으로 계약한 회사 (주)삼화와 사대보험을 들지않고 기사로 일을 했읍니다.  원청에다 8주 부상에 대한 임금을 달라고 하니 산재가 있으면 산재를 할 텐데 산재가 되어 있지 안아서 지급을 할 수 없다고 합니다. 제가 원청으로 부터 8주의 임금을 받으려면 어떻케 해아 하나요?,인천병원,"고객님 안녕하십니까? 근로복지공단 콜센터입니다. 먼저 근로복지공단에 대한 고객님의 관심에 깊이 감사드립니다. 사이버상담실은 일반적인 기준 사항에 대해서 상담 드리는 기관으로서 개별 사업장의 구체적인 사실관계 조사 및 관련서류 검토가 필요하며, 이러한 확인 및 검토 업무는 사업장 관할 우리 공단에서 직접 수행함에 따라 사이버상담실은 이에 대한 직접적인 최종 판단까지는 내려드릴 수 없음을 양해해 주시기 바랍니다. 고객님께서 문의주신 내용에 대한 답변 드립니다.  산재보험법 시행령 제2조 제1항 제2호에 의거 선원법에 따라 재해보상이 되는 사업은 산재보험 적용제외 사업에 해당됩니다 선원법 제3조제1항제4호에 의거 해운법 제24조제1항 또는 제2항에 다라 해상화물운송사업을 하기 위하여 등록한 부선은 선원법 적용대상으로 규정하고 있습니다.선박공제 가입 여부와 상관없이 선원법에 따라 재해보상이되는 사업에 해당함으로고객님의 재해에 대해서 선박공제에 다시한번 문의하시기 바랍니다. 선박공제에 문의하실때 산재보험법 적용제외 사업이라고 말씀하시고 상담하시면 자세한 상담이 이루워 질것으로 보여집니다.  궁금한 사항이 있으시면 근로복지공단 콜센터(☎1588-0075)로 전화 주시면 성심성의껏 답변해 드리겠습니다.이용해 주셔서 감사합니다. 오늘도 행복한 하루 보내시길 바랍니다.※ 인터넷 질의응답은 법적인 효력을 갖는 결정이나 판단이 아니므로 각종 권리 주장의 근거 또는 증거 자료 등으로 사용할 수 없으니 참고하시기 바랍니다."
181276,공개,장해판정심사,2020-06-29,양**,안산병원,처리완료,산제종결？지가  한달이 넘었습니다 .코로나때문에 산제병원측에서 2~3달을 기다려야한다고 하는데  환자로서는 너무막막한  기다림 아닌가싶네요.  저는 수급자에 아이들을둘이나  키우고 살아야하는데  생게가 답답합니다.  어떠한조치을 빨리취해주셨으면 합니다.   공단측에서도  이렇다한 말조차도없는상태이고   저희는 어떻게 해야합니까?? 그냥 그렇게  시간만보내고  있으라는 말씀인지  누가좀 해결을 해주셨으면 좋겠습니다,안산병원,"고객님 안녕하십니까? 근로복지공단 콜센터입니다. 먼저 근로복지공단에 대한 고객님의 관심에 깊이 감사드립니다. 사이버상담실은 일반적인 기준 사항에 대해서 상담 드리는 기관으로서 개별 사업장의 구체적인 사실관계 조사 및 관련서류 검토가 필요하며, 이러한 확인 및 검토 업무는 사업장 관할 우리 공단에서 직접 수행함에 따라 사이버상담실은 이에 대한 직접적인 최종 판단까지는 내려드릴 수 없음을 양해해 주시기 바랍니다. 고객님께서 문의주신 내용에 대한 답변 드립니다. 고객님이 문의하신 장해판정심사에 대해서 조회해본 결과, 2020.05.25일 안산지사에 접수되어 서류가 검토중인것으로 확인이 됩니다.인터넷상담실에서는 장해판정심사가 어디까지 진행중인지 알 수가 없어 안산지사 담당자 연락처를 안내해 드리니 고객님께서 직접연락하시여 상담을 받아보시기 바랍니다. 안산지사 재활보상부: 031-481-4166, 담당자: 김현수 주임님 궁금한 사항이 있으시면 근로복지공단 콜센터(☎1588-0075)로 전화 주시면 성심성의껏 답변해 드리겠습니다.이용해 주셔서 감사합니다. 오늘도 행복한 하루 보내시길 바랍니다.※ 인터넷 질의응답은 법적인 효력을 갖는 결정이나 판단이 아니므로 각종 권리 주장의 근거 또는 증거 자료 등으로 사용할 수 없으니 참고하시기 바랍니다."
181169,공개,위험한 환경...개선요구,2020-06-26,장**,순천병원,처리완료,"관할한 곳이 어느 기관인지는 모르겠으나 위치나 사용자 등을 보아선 순천병원에서 안전 조치를 취해야 할것 같아 이글을 씁니다. (대형 화분을 설치 한것도 병원에서 설치 추정) 순천병원 정문 사람이 다니는 출입로에 대형 화분이 놓여있어 통행로의 일부 방향을 가로막고, 그 옆에 맨홀 뚜껑(지름 90Cm정도)이 경사진 길에 설치되어 있습니다.  수많은 병원 고객들과 관계인들이 다니는 사람 통로 정중앙에 맨홀이 설치되어 있고 맨홀 오른쪽 길은 대형 화분이 놓여 있습니다. 본인은  2020.06.24.17:05 경 미끄러져 낙상하여 팔꿈치에 상처를 입고 엉치뼈에 통증이 있는 상태입니다. 특히 비오는 날은 경사로에 설치된 맨홀 뚜껑이 매우 미끄러워 병원 이용자들의 사고로 사상자가 발생할 수 있으므로 빠른 시간내에 안전한 조치를 바랍니다.  ★.이글은 지자체 생활불편 신고앱과 같이 올립니다. 이곳에는 사진 첨부 하는곳이 없어 올리지 못했습니다.",순천병원,[민원의 중복] 문의번호 181160과 동일문의입니다. 해당 답변으로 갈음합니다. (이로인한 사유로 내부처리되었습니다.)
180719,공개,질병판정위원회,2020-06-14,김**,대구병원,처리완료,질병판정위원회 가 언제쯤 여니나요,대구병원,"고객님 안녕하십니까?근로복지공단 콜센터입니다.먼저 근로복지공단에 대한 고객님의 관심에 깊이 감사드립니다.인터넷 상담은 일반적인 경우에 대한 안내를 하고 있으며, 개인정보확인(사업자 등록번호, 주민등록번호 등)이 필요한 사항으로 인터넷 문의는 상담에 다소 제한이 있음을 양해하여 주시기 바랍니다. 일부 상병의 경우 심의회의 구성이 어렵고 심의회의 안건이 다수인 경우 심의기간이 지연이 될 수 있음을 양해 부탁드립니다. 개별사례에 대한 상세 안내가 필요하신 경우 번거로우시겠지만 관할 공단 담당자를 통하여 내용 확인 후 업무처리에 도움을 받으시길 부탁드립니다. 많은 도움드리지 못하여 죄송합니다. * 지사찾기 : 근로복지공단홈페이지 → (좌측 상단) 공단소개 → 지역본부 및 지사에서 사업장 관할 지역본부 및 지사 연락처(재활보상부) 또는 관할 판정위원회로 문의 주시기 바랍니다. 기타 저희 근로복지공단 문의 관련해서는 언제든지 근로복지공단 콜센터(☎1588-0075)로 전화를 주시면 성심 성의껏 답변해 드리겠습니다.※ 인터넷 질의응답은 법적인 효력을 갖는 결정이나 판단이 아니므로 각종 권리 주장의 근거 또는 증거 자료등으로 사용할 수 없으니 참고하시기 바랍니다."
176791,공개,태백산재병원 입원에 대한 문의 ( 1...,2020-04-14,최**,태백병원,처리완료,4월 14일 태백산재병원에서 담당자 분께서 전화주셔서 자세하게 절차에 대하여 설명해 주셨습니다.  감사합니다.,태백병원,고객님 안녕하십니까? 근로복지공단 콜센터입니다. 답변에 대한 고객님의 답글에 대하여 다시한번 감사 인사 드립니다.아버님의 빠른쾌유를 바라겠습니다. 이용해 주셔서 감사합니다. 오늘도 행복한 하루 보내시길 바랍니다. ※ 인터넷 질의응답은 법적인 효력을 갖는 결정이나 판단이 아니므로 각종 권리 주장의 근거 또는 증거 자료등으로 사용할 수 없으니 참고하시기 바랍니다.
176512,공개,태백산재병원 입원에 대한 문의,2020-04-10,최**,태백병원,처리완료,"안녕하십니까 ?  저희 아버지 성함은 최덕규 ( 1939년 02월 17일 ) 거주는 제천시 남천동입니다. 진폐진단을 받아 월 샐활비를 받고 계십니다 현재 아버지께서 중환자 실에 계셔서 자세한 등급은 알지 못합니다 테백산재병원에서 방문하시어 검사를 받아오셨기 때문에 환자 정보가 있을 것입니다.  최근 음식을 드시지 못하여 제천 서울병원 명지병원에 입원 검사 및 치료를 받았으나 병명을 알 수 없어서  4월 7일 원주 기독교 세브란스병원에 입원하셨습니다 세브란스병원에서 폐 CT 촬영 하고 이상한 점이 발견되어 조직검사 하려 했는데.....  산소포화도가 떨어저서  기관지 삭관하고 인공호흡 실시하며 4월 9일 저녁에 중환자실로 이송 되었습니다.  아버지계서는 진폐환자라서 호흡기 개통의 문제가 되시면 산재처리가 된다고 조언을 받아서, 어떻게 해야 하는지 문의 드립니다  다음주 월요일 아침에 의사분 면담 후 가능한한 월요일 아니면 화요일에 태백산재병원으로  구급차를 이용하여 이송하려고 합니다  4월 10일 오전 10시부터 14시 30분까지 전화를 50통을 넘게 해도 계속 통화중으로 나와서  어쩔수 없이 사이버 문의를 남김니다  저에게 전화를 ( 010 - 8705 - 0153 ) 으로 주시거나 메일로 회신 주시면 감사하겠습니다. philipchoi@tablenjoy.com",태백병원,"고객님 안녕하십니까? 근로복지공단 콜센터입니다. 먼저 근로복지공단에 대한 고객님의 관심에 깊이 감사드립니다. 고객님께서 문의주신 내용에 대해 태백병원 원무부 담당자 오영섭님께서 안내하셨다고 하십니다.  고객님께서 궁금하셨던 내용에 대한 답변이 되었기를 바라며, 앞으로도 보다 나은 서비스를 제공하기 위해 항상 노력하겠습니다. 아버님의 빠른 쾌유를 바라겠습니다.  기타 궁금한 사항이 있으면 근로복지공단 콜센터(☏1588-0075)를 이용하여 주시기 바랍니다.  이용해 주셔서 감사합니다. 오늘도 행복한 하루 보내시길 바랍니다. ※ 인터넷 질의응답은 법적인 효력을 갖는 결정이나 판단이 아니므로 각종 권리 주장의 근거 또는 증거 자료등으로 사용할 수 없으니 참고하시기 바랍니다"
169941,공개,문의번호 169206번 관련입니다.,2020-01-30,정**,대전병원,처리완료,"문의5일만에 진심으로 위로해주신 김차장님 감사드립니다. 각설하고 제 질문에 이해를 못하시고 답변을 안해주신 부분이 있어 재차 질문드리니 답변바랍니다.  첫째, 받아오라고 해서 충대병원까지 가서 받아온 추가상병은 왜 한번도 치료를 해주지 않았는지, 둘째, 다른 환자들은 잘도 하는 입원 및 프래그램 연장이 왜 한번도 안됐는지 답변주세요. 이건 저번 질문에 답이 없어서 쓰는 것이니 5일까진 필요없겠죠?  병실이 없어 입원이 안된다고 해 통원치료하고, 특히나 9월초 신경외과 진료시 입원해야 한다고 빨리 짐챙겨오라고 했다가 갑자기 취소됐을때도, 근로복지공단에서 전화까지 와서 집중치료를 해주겠다고 했으니 최선을 다해주는 것이라고 믿으며 아무말 없이 따랐습니다.  오늘 진료실 앞을 지나가다 보니 욕설등을 하지말라는 문구가 보이더군요. 가끔씩 진료실 앞이 소란스러운 장면도 가끔씩 목도했구요. 가장 기분나쁜 것은 차별받고 무시받은 느낌입니다. 그 사람들도 이런 느낌이 아니었나 싶군요.",대전병원,"안녕하십니까? 근로복지공단 대전병원입니다. 귀하께서 인터넷 콜센터를 통해 신청하신 민원(문의번호-169941)과 2020년 2월3일 방문하시어 질문하신 내용에 대한 검토 결과를 다음과 같이 답변드립니다. 1. 우측발목염좌 추가상병에 대해 단순염좌로서 집중치료가 어렵고 단순치료는 1일 1회 1부위만 가능하며 본인께서 2부위 중 한 부위를 결정하여 받으시면 됩니다. (우측발목염좌 추가상병 승인 후 9/19일 진료시간에 주치의로부터 물리치료 받을 수 있도록 안내 받으신 걸로 파악 되었습니다) 2. 프로그램 연장건은 기 답변과 동일합니다. 3. 치료요양기간은 주치의 소견과 환자의 동의에 의해 결정되는 것으로 환자가 주치의 의견에 동의하지 못하는 경우 요양검토회의(외부전문가 포함)를 통해 진료기간이 결정됩니다. 귀하의 만족스러운 답변이 되었기를 바라며, 답변 내용에 대한 추가 설명이 필요한 경우 근로복지공단 대전병원 의료질관리실 김봉심 차장(042-670-5447)에게 연락주시면 친절히 안내 해 드리도록 하겠습니다. 감사합니다."
169870,공개,병원 이용자의 열체크에 대하여 세심한...,2020-01-30,이**,안산병원,처리완료,"근로복지공간 안산병원을 이용하는 사람입니다. 어제 병원에 다녀왔는데 최근 신종코로나바이러스 확산방지 및 예방조치를  병원 자체에서 다각적으로 노력하는 것을 보았습니다.  재활센터 내에서도 마스크 착용을 모두 하고 있었고 곳곳에 손소독제가 준비되어 있더군요.  그런데 한 가지 마음에 걸리는 부분이 있어 건의드립니다. 병원 1층 엘리베이터 이용하는 곳에서 귀에 넣는 체온계로 모든 병원 이용자의 열 체크를 하더군요. 알코올로 닦아서 귀에 넣었으면 좋겠는데 그냥 이 사람 저 사람 사용하더라구요.  귀에 상처가 있는 사람도 있을텐데.. 왠지 비위생적이고 꺼림직했습니다. 요즘에 비접촉 체온계도 많이 나오는 것 같은데 알코올로 일일히 닦아서 사용하시던지,  아님 비접촉체온계를 사용하시던지 해야할 것 같네요. 세심한 조치 부탁드립니다.",안산병원,    고객님 안녕하십니까?저의 병원에 대해 관심있게 봐주시고 신경써주셔서 감사드립니다.담당자에게 세밀히 교육을 시켰어야 하는데 그렇지 못한점을 지적해주셔서 다시 한번 뒤돌아볼수 있는 기회가 될수 있었던것 같습니다.요즘 신종코로나바이러스 확산을 방지하기위해 어제부터(1/30) 열화상 카메라를 이용하여 체온을 체크하고 있습니다.앞으로도 많은 관심 부탁드리고 안산병원도 신종바리러스 확산 방지및 예방이 될수 있도록 고객에게 좀더 세심하게 관리하도록 하겠습니다. <
169206,공개,무성의한 병원진료,2020-01-22,정**,대전병원,처리완료,"근로복지공단 당담자님께, 지금 글쓰는 시간이 22일 새벽 3시가 조금 지나가고 있습니다.  잠을 청하다 몸도 아프고 분한 마음도 가시지 않아 이렇게 글을  씁니다. 저는 지난 6월25일 출근길 낙상으로 허리골절 및 다리부위 부상으로  충남대병원에서 입원후, 동네병원에서 통원치료를 받다 근로복지공단의  권유로 대전병원에서 치료 및 재활을 하고 있는 산재환자입니다.   나름 열심히 치료도 받아, 몸도 많이 좋아지고 잃었던 체력도  회복되고 있어 희망을 가지고 치료를 하고 있지만, 치료과정에서  도저히 이해할 수 없는 부분이 있어 이렇게 글을 씁니다.   제가 복귀프로그램 8주를 진행하고 담당의사 면담을 하며 연장을 요청하자 연 장이 안된다며 프로그램을 종료하겠다고 합니다.  처음엔 환자의 상태가 어떻든 8주가 지나면 원래 연장이 안되나보다 했지만, 저 와 같이 직장복귀프로그램을 시작한 분은 연장이 되었다며 계속 프로그램을 하고  있는게 아닙니까?  더군다나 그분은 1년째 치료를 받고 있는 분이었습니다. 그래서 곰곰이 생각해보니, 이건 제 몸상태의 문제가 아니라 의사의 성의에 따라  환자가 차별을 받고 있다는 판단이 들었습니다. 이런 무성의하고 무책임한 행동이 이번이 처음이 아니니까요.  처음에 대전병원에 와서도 발목이 계속 아파 물리치료를 해달라고  하니 의사는 충남대에서 추가상병을 받던지 내가 치료하던지 알아서 하라고 해,  9월10일 추가상병을 받았지만 정작 의사는 치료가 필요없다며 아무런 치료오더를  내려주지 않아 물리치료실과 의사를 오가며 몇 번을 요청하고 심지어 병원 산재담당자를 찾아가 하소연을 해보았지만 아무런 조처가 없어 조금있으면 나아지겠지하며 포기를 했습니다.  하지만 지금도 발목이 아파 1월초 면담때 얘기하니 정형외과 진료를 받아보라는 말만 하더군요.  그리고 1대1치료때도 마지막 1주일을 담당물리치료사가 휴가를 내어서 혼자 운동치료를 하며 보내고 면담을 통해 연장을 요청하니 연장은 절대 안된다며 직장복귀프로그램을 하라고 하더군요.  제가 몸상태라도 좋으면 모르지만 지금 처방받은 약을 며칠전에 복용하지 않고 오후에 프로그램을  했더니 당장 몸이 아파 제 상태가 아직은 정상이 아니라는 걸 느꼈습니다. 21일은 프로그램이 끝나고 운동 측정한다고 허리를 숙이고 무리를 했더니 당장 허리와 엉덩이 부위가 아파 지금도 잠이 오질 않습니다. 환자의 말은 하나도 듣지않고 자기마음대로 처리하는 의사 때문에 제가 이런 고통을 감수해야 하는 것이 화가나고 마치 군대에서 선임병에게 고통받는데 어디하나 하소연 할곳이 없는 듯한 막막한 심정을 느낍니다. 정말 막막하네요. 제가 앞에 말씀드린 부분은 기록을 찾아보면 쉽게 확인할 수 있을 것입니다. 저는 지금 담당의사에게는 더 이상 진료를 받고싶은 마음도 의지도 없습니다. 공단측에서는 이런 정신적 육체적 고통을 받고 있는 환자의 심정을 헤아려 주셔서 합당한 조치를 해주시기를 부탁드립니다.",대전병원,"안녕하십니까? 근로복지공단 대전병원입니다.먼저 고객님의 힘든 상황에 대하여 매우 안타깝게 생각하며 진심으로 위로의 말씀을 드립니다.1. 직장복귀 프로그램은 근력, 지구력, 유연성 향상을 위한 것으로 시행 도중 고강도 근력 훈련이 환자의 통증 악화의 요인으로 작용할 가능성이 높기 때문에 프로그램 연장은 현재 환자가 호소하는 통증에 도움이 되지 않을 것으로 보입니다. (실제로 통증의 악화로 프로그램 중단하는 경우가 많음.)2. 직장복귀 프로그램 실시 후 2020.1.21 시행한 작업능력 평가 결과, 작업 요구 무게 초과 달성 및 지구력에서 우월한(superior) 것으로 평가되었고, 시작 전 평가와 비교 시 근력 호전보이고 있으며, 작업요구도 역시 이상 달성한 상태로 프로그램 연장의 근거가 없습니다. (작업강화훈련은 동시에 12명 실시가능하며, 현재 대기자 6인 있음.) 기타 궁금한 사항이 있으시면 근로복지공단 대전병원 의료질관리실 김봉심 차장(042-670-5447)에게 연락주시면 친절히 안내 해 드리도록 하겠습니다. 감사합니다. "
167688,공개,산재 가능 여부 및 신청방법,2019-12-16,김**,콜센터1,처리완료,전 출퇴근을 전동킥보드를 이용하여 합니다  사고는 퇴근을 하다가 발생을 하였습니다  회사는 (주)고성엔지니어링이며 그날은 작년에 회사에서 받은 30만원의 상품권을 가지고 이마트에 가서 필요한 생필품을 사려고 했습니다 이마트는 동탄에 있는 것이 집으로 가는 길에서 좀 가까웠기때문에 이용을 하려고 가게 되었습니다 하지만 가던 도중에 전동킥보드의 목부분이 부러지면서 전 넘어지고 구르게 되었고  타박상과 더불어 진단결과 발목골절 및 인대파열을 격게 되었습니다  그후 제일 최근에 통화를 한 친구에게 전화를 걸어 현재상황을 말을 하게 되었고 지도로 사고 위치를 찍어서 보내줬습니다 그후 핸드폰의 배터리가 없어서 전화는 꺼졌습니다.  친구는 와줬고 택시를 타고 한림대의 응급실을 갔습니다  현재는 당시 사진과 위치사진 킥보트가 부러진 사진 소견서등이 준비가 되어있습니다  이용하려고 했던 루트는 회사 앞쪽에는 차가 많아서 항상 가던길인 차없는 도로로 간뒤 돌아서 차가 없는 길로 이동해서 이마트 동탄점에 들려서 생필품을 구매 후 병점역을 통해 혹은 서동탄을 통해 지하철을 이용하여 집을 가고자 했습니다 집은 화서역근처입니다   혹시 산재가 가능할까요??  꼭 좀 도움을 부탁드립니다  신청방법도 부탁드립니다  출퇴근전용으로요 자세하게,콜센터1,"고객님 안녕하십니까근로복지공단 콜센터입니다. 먼저 근로복지공단에 대한 고객님의 관심에 깊이 감사드립니다. 고객님께서 문의하신 내용 관련 2019.12.17 17:07 경 유선으로 출퇴근재해 관련 내용 안내드렸으며, 통화내용을 답변을 갈음하도록 하겠습니다. [답변요약]★ 업무상 재해(출퇴근재해)의 인정 기준   1. 산업재해보상보험법 제37조(업무상의 재해의 인정기준) “근로자가 다음 각 호의 어느 하나에 해당하는 사유로 부상·질병 또는 장해가 발생하거나 사망하면 업무상의 재해로 보며, 다만 업무와 재해 사이에 상당인과관계가 없는 경우에는 그러하지 아니한다.”       2. 특히 출퇴근 재해는 ① 사업주가 제공한 교통수단이나 그에 준하는 교통수단을 이용하는 등 사업주의 지배관리 하에서 출퇴근하는 중 발생한 사고 ② 그 밖에 통상적인 경로와 방법으로 출퇴근하는 중 발생한 사고로 규정하고 있으며, ②항의 사고 중에서 출퇴근 사고 경로 일탈 또는 중단이 있는 경우에는 해당 일탈 또는 중단 중의 사고 및 그 후의 이동 중의 사고에 대하여는 출퇴근 재해로 보지 아니하나 일탈 또는 중단이 일상생활에 필요한 행위로서 대통령으로 정하는 7가지 사유가 있는 경우에는 출퇴근 재해로 인정될 수 있습니다.   ★ 신청서식 및 방법 - 신청서식: ①요양급여 신청서 + 의사소견서(신청서 내 별지 제3호), 출퇴근재해 발생신고서(제 3자가 있는 경우 출퇴근재해 발생신고서 내 제3자 행위에 따른 재해발생신고서_서약서도 필요함)서식 다운로드 : 근로복지공단 홈페이지(http://www.kcomwel.or.kr) 서식자료- 다운로드 또는 콜센터 통해 팩스/이메일 요청가능   ※위 서류 외에 담당자가 추가 구비서류 요청할 수 있으니 참고 바랍니다.   - 신청방법 : 사업장 소재지 관할 근로복지공단 지사로 팩스, 우편 또는 방문 신청(산재지정의료기관인 경우 원무과에서 대행접수 가능)  ★ 관할지사 찾기 : 근로복지공단 홈페이지(/www.kcomwel.or.k) (상단)공단소개 - 조직안내 - 지역본부 및 지사 메뉴에서 확인 또는 콜센터 통해 지사 확인가능(재활보상1부) 기타 궁금한 사항이 있으시면 근로복지공단 콜센터(☎1588-0075)로 전화 주시면 성심성의껏 답변해 드리겠습니다.  이용해 주셔서 감사합니다. 오늘도 행복한 하루 보내세요  ※ 인터넷 질의응답은 법적인 효력을 갖는 결정이나 판단이 아니므로 각종 권리 주장의 근거 또는 증거 자료 등으로 사용할 수 없으니 참고하시기 바랍니다.   "
167588,공개,산재,2019-12-12,최**,안산병원,처리완료,안녕하세요 저는 수원사는 40살 남자입니다 다름아니라 제가 올해7월15일~8월15일까지 수원치킨집에서 주방보조로 일을했습니다 그리하여 올해8월10일 치킨집에세 일을하다 닭박스2박스들다가 허리삐긋하여 허리를다쳐 집에서 일주일동안 병언약국에서 약을먹다가 너무너무아파 동네개인한방병원 입원하여 이주입원하여 너무허리가 호전이심해서 한방병원에서 동수원병원으로 갔습니다 산재신청 했는데 염좌로는 승인12월9일날산재승인문자왔습니다 8월24일부터9월6일입원 9월7일부터10월4일까지통원승인놨습니다 혹시 그쪽병원에서 연장하고 추가신청이 가능한가요 입원도괜잖나요 제가 변명이 두가지가 나왔서요 개인한방병원에서 요추의긴장염좌 동수원병원에서 추간판장애및흉추이염좌긴장 요추의염죄긴장 이라고 나왔습니다 여태까지 4월동안 제대로 안자서 밥도못먹고 누워만 있서야합니다 통증도심하고 다리까지 찌리찌리 아프고요 재활치료도필요합니다 제대로앉기가 힘들러요 부탁드립니다 제가 산재가처음이라 아무것도모릅니다 부탁드립니다 근록복지공단에서는 연장하고 추가로올리라고 하더라고요 그제근로복지공단 담당자하고 통화했습니다 제발부탁드립니다^^,안산병원,환자분과 직접 통화하여 병원 진료 권유드린 후 절차에 대한 설명드림
167066,공개,작업환경측정과 특수건강진단은 직업성관...,2019-11-25,윤**,동해병원,처리완료,수고많으십니다.  연말이 되어가면 근로복지공단의 인사 정책에 대해 불안한 1인입니다.  저는 사업장 환경안전 실무자로 동해병원과 긴밀한 업무 협력관계입니다.  1.  특수건강진단 담당자들을 그만 로테이션 시켜주십시요.  연말이면 특수건강진단팀에서 일하는 담당자들이나 보건행정 담당자도 다 로테이션을  해버리니 매년 초에는 똑같은 이야기 똑같은 실수 똑같은 업무를 저도 같이 하게 됩니다.  특수건강진단업무 데스트에 계신 담당자들이 그냥 일하는게 아닙니다.  매년 바뀌는 법령을 테두리로 검진 트랜드로 알아야하고 사업장과의 소통이 아주 중요한 자리이며  이것은 직업성 관련 질환을 파악하는 시작이 됩니다.  보건행정이나 특수건강진단파트에 계신 분들이 일을 못해서가 아니라 업무인수인계를 해도  그 법령의 해석이나 일을 함에 있어 매년 초에 괴로울만큼 힘이 듭니다.  2.  측정기사를 늘여주시고 처우를 개선 해주십시요.  근골격계 유해요인 조사 등 보건대행을 하는 곳에서 해당 측정기사들 보면 안스럽기까지 합니다.  플라스틱 접이식 카트 등 좋은 것들이 많은데 왜 그 무거운 가방들을 들고다니게 하는지 이해가 안갑니다.  해당 사업장에는 오는 길에 차가 고장이 나서 측정하러 오지 못한 경우도 있는데 차량도 굉장히 노후되어 있고 정기 점검을 지원해주지 않으시나요?   구획 내에 기관이 1곳 밖에 없어서 한번 날짜잡기도 어려운데 한번 놓치고 나니 다시 잡기도  너무 어렵습니다.  또한 한분이서 큰 사업장을 그 무거운 기계를 들고 다니는게 업무로드가 너무 많은거 같습니다.  타 지역이랑 비교하기는 어렵지만 비슷한 사업장 크기의 경우 두세명씩 나와서 끝내고  다른 사업장에 가고 하던데 여기는 혼자서 다 하고 있는게 정상은 아닌거 같습니다.  솔직히 측정 업체 불러놓고 사업장에서 담당자들이 안도와줄 수 없는 상황을 내부에서  연출하고 있는게 아닌가 생각됩니다.   근로복지공단은 산재 보상이 주로 치우쳐서 관리한다고 하셔도 너무도 잘 아시다시피 모든 안전보건환경은 예방조치가 우선입니다.  예방을 하기위해서는 업무환경과 투입인원이 필수 입니다. 안전보건이 그렇게 호락호락한 업무들이 아닙니다. 간호사와 위생기사들만의 전문적인 지식이나 경험이 필수인 분야입니다.  그 부분을 제발 간과하시지 마시고 기존의 훈련된 인력들이 힘들어거 떠나거나 업무 과로드로 지쳐서 나 떨어지지 않도록 제발 행적적인 처우 개선을 강력히 주장합니다.,동해병원," 저희 기관 홈페이지를 찾아 주심에 감사드립니다. 귀하께서 산업보건업무에 관심을 가지고 특수검진, 작업환경측정 담당자가 업무수행에 필요한 사항 등에 대하여 지적하여 주신점에 대하여 감사드립니다. 귀하의 고언은 산업보건사업 업무에 참고하여 사업장과 업무수행자들이 만족할 때까지 지속적 지원과 업무개선에 노력하겠습니다. 다시 한번, 우리기관 업무에 관심을 가져주신데 대해 감사드리며, 귀하의 건승을 기원합니다. "
164862,공개,산업재해조사표에 대해서 여쭤봅니다.,2019-08-30,고**,콜센터1,처리완료,산업재해조사표상의 산재관리번호와 사업개시번호의 차이에대해서 궁금합니다. 답변 부탁드리겠습니다.,콜센터1,"고객님 안녕하십니까?근로복지공단 콜센터입니다.먼저 근로복지공단에 대한 고객님의 관심에 깊이 감사드립니다.고객님께 2019년 09월 2일 13:22분경 연락 드려, 상담 등록하신 내용에 대해 답변을 드렸으며, 통화 내용으로 답변을 갈음하고자 합니다.상담내용 간략히 전달드리니 참고바랍니다.▽ 관리번호사업자등록번호로 산재보험에 가입을 하는경우 부여됩니다. ▽ 개시번호「고용보험 및 산업재해보상보험의 보험료징수 등에 관한 법률」에 따라 일괄적용을 받은 사업의 사업주는 그 각각의 사업 개시 사실을 공단에 신고하여야 하며, 이에 따라 산재보험 사업개시번호가 각각 부여되고 있습니다. 그리고 산재보험 사업개시번호는 해당 사업장일 경우만 조회가 가능함을 추가적으로 알려드립니다.기타 궁금한 사항이 있으면  근로복지공단 콜센터(☏1588-0075)로 문의하여 주시기 바랍니다.날씨가 많이 쌀쌀합니다. 늘 건강유의하시고 고객님의 가정에 따뜻함과 포근함이 가득 넘치길 바라겠습니다.  이용해 주셔서 감사합니다.※ 인터넷 질의응답은 법적인 효력을 갖는 결정이나 판단이 아니므로 각종 권리 주장의 근거 또는 증거 자료등으로 사용할 수 없으니 참고하시기 바랍니다. "
163969,공개,산재보험 자격,2019-07-22,임**,콜센터1,처리완료,"안녕하세요,  산재보험 자격에 대해 문의 드립니다.    2019년 6월 17일 식중독에 걸려, 산재 보험을 신청하여 합니다. 하지만 당시 회사 사정상 오래 쉴수없는 직업군이라 치료후 다음날 바로 출근을 하였습니다.  일반적으로 산재보험 자격에 대해 알아보니, ""4일이상 치료를 받은 경우"" 로 확인했는데, 제 사례가 산재 보험 받을 수 있는 자격이 되는지 문의 드립니다.   아래는 자세한 경위 입니다.   날짜: 2019년 6월 17일 질병 장소: 회사 근처 식당(300미터 내에 위치) 시간: 점심시간 오후 12시 30분에 식사 질병명: 식중독에  기타: 병원에 입원을하고 진단서, 영수증 모두 소지하고 있습니다.",콜센터1,"고객님 안녕하십니까?근로복지공단 콜센터입니다.   먼저 고객님의 상황에 대하여 매우 안타깝게 생각하며, 진심으로 위로의 말씀을 드립니다. 문의하신 내용에 대해서는 2019년 7월 23일 15시 44분경 유선상 답변을 드렸으며, 산재신청 방법에 대해서 답변 남겨드립니다. ★ 산재 신청 방법 ○ 신청서식 : 요양급여 및 휴업급여(최초분)신청서(초진소견서 첨부) * 서식자료 : 근로복지공단홈페이지(https://www.kcomwel.or.kr) → (좌측 상단)검색 돋보기 옆 서식자료에서 해당 서식을 검색 후 사용하시면 됩니다.○ 제출기관 : 사업장 관할지사 재활보상부                   (서울남부지사 재활보상부 팩스번호 0502-216-2101 / 연락처 : 02-2165-3243) * 지사 찾기 : 근로복지공단홈페이지 → (좌측 상단) 공단소개 → 조직안내  → 지역본부 및 지사에서 사업장 관할 지역본부 및 지사 연락처 등을 상세하게 검색 가능합니다. ※ 요양급여 신청을 사업장 관할 우리 공단 소속기관 재활보상부에 제출하면 해당 소속기관에서 구체적인 사실관계 조사 확인과 관련서류 검토 등으로 업무상 재해조사 후 최종 산재 여부를 결정하고 있습니다. 사이버 상담실에서는 일반적인 기준 사항에 대해서 상담드리는 곳으로서 개별적인 사안에 대하여 구체적인 사실관계 조사 확인과 관련서류 검토 없이 업무상 재해의 가능 여부를 직접적으로 판단까지는 내려드릴 수 없음을 양해해 주시기 바랍니다. 고객님의 빠른 쾌유를 바라며, 기타 궁금한 사항이 있으시면 사업장 관할 근로복지공단 지역본부 및 지사 재활보상부로 문의하시거나 근로복지공단 콜센터(☎1588-0075, 상담사연결 ㉧ + ②)로 전화를 주시면 성심 성의껏 답변해 드리겠습니다. 이용해 주셔서 감사합니다. 오늘도 행복한 하루 보내시길 바랍니다. ※ 인터넷 질의응답은 법적인 효력을 갖는 결정이나 판단이 아니므로 각종 권리 주장의 근거 또는 증거 자료 등으로 사용할 수 없으니 참고하시기 바랍니다."
161283,공개,산재 승인요청,2019-04-16,박**,콜센터1,처리완료,산재 승인이 ？는지 여부를 알고싶습니다. 병원에 입원하고 퇴원후 승인여부가 확인되지 않았습니다.,콜센터1," 근로복지공단 콜센터입니다.   먼저 고객님의 힘든 상황에 대하여 매우 안타깝게 생각하며, 진심으로 위로의 말씀을 드립니다.고객님께서 문의주신 산재승인 여부는 19.04.17 10:58분경 유선 안내해드렸습니다.고객님 정보로 확인 결과 접수는 되어 있지만 아직 산재승인은 되지 않은 걸로 확인됩니다. 자세한 처리내역이나 현재 진행상태등이 궁금하시다면 문자 발송해드린 대구지역본부 재활보상부 담당자와 통화해보시면 되겠습니다.  기타 궁금한 사항이 있으시면 근로복지공단 콜센터(☎1588-0075)로 전화를 주시면 성심 성의껏 답변해 드리겠습니다. 이용해 주셔서 감사합니다. 오늘도 행복한 하루 보내시길 바랍니다. ※ 인터넷 질의응답은 법적인 효력을 갖는 결정이나 판단이 아니므로 각종 권리 주장의 근거 또는 증거 자료등으로 사용할 수 없으니 참고하시기 바랍니다. "
160115,공개,응급실 간호사 최악,2019-03-12,장**,정선병원,처리완료,3월 11일 월요일 오후 정선병원 응급실 근무하신 간호사님.(덩치 약간 있고 염색머리). 성함은 모르겠지만 위생관념도 없고 불친절하고 일하기 싫어하고 의사선생님한테도 텃새부리고  제가 계속 갈수밖에 없어서 구체적으로 상황은 말 못해도 진짜 화나네요. 정선병원 의사쌤들 간호사분들 다들 너무너무 착하고 좋으신데.. 그분은 정말 욕나오네요.,정선병원,"안녕하십니까?  근로복지공단 정선병원 원무차장 권동식입니다.평소 정선병원을 이용하시는 고객으로서 관심 가져주심에 감사드립니다.귀하께서 제기하신 3. 11.(월) 오후 정선병원 응급실 간호사(덩치 약간 있고, 염색머리)에 대하여 파악해 본 바는  해당하는 사람이 없으며, 자세한 상황을 파악하고자  귀하의 연락처(010-3439-1371)로 수차례 전화를 드렸으나 수신이 안되어 문자로 답변하였음에도 응답이 없습니다.귀하께서 원무차장 직통[033-560-7104] 전화 주시면 귀하께서 지적하신 민원에 대하여 개선하도록 최선을 다하겠습니다.귀하의 정선병원 발전을 위한 관심과 의견 주심에 다시한번  감사드리며 연락주시기 바랍니다.항상 귀하의 건강과 행운을 기원드립니다.     2019. 3. 18.      근로복지공단 정선병원  경영지원부  원무차장 권동식 올림. "
159068,공개,회사 업무 중 얼굴을 다쳐 봉합수술을...,2019-02-12,최**,콜센터1,처리완료,다름이 아니라 3주전에 회사 업무중 철 파편에 맞어서 코 밑 3센치 가량 봉합수술을 하였습니다.  부상시 산재 접수를 하였다가 회사에서 일반 처리를 요구 하여 일반처리로 진행 중  흉터 추상 치료비용이 발생하니. 회사에서 산재처리 하라고 하는데...  상담. 부탁드립니다.  지금 상태는 실밥제거 후 살이 아 아문상태입니디.,콜센터1,"고객님 안녕하십니까?근로복지공단 콜센터입니다.먼저 근로복지공단에 대한 고객님의 관심에 깊이 감사드립니다.부상 당시 산재 접수를 하셨다가 다시 일반처리로 진행중이라고 하셨는데부상 당시 산재 접수해주신 내역이 고객님 요청에 의해 반려된 상태라면 다시 산재신청을 해주시면 됩니다.그리고 산재 접수해주신 내역을 별도로 취소하지 않으셨다면, 고객님의 사업장을 관할하는 지사담당자에게 문의 시 자세한 상담 받아보실 수 있습니다.사업장 소재지 확인이 되지 않아 정확한 담당자를 알려드리지 못한 점 양해부탁드리며 담당자 확인은 근로복지공단 홈페이지 공단소개→조직안내→지역본부 및 지사에서 확인하실 수 있습니다.늘 힘내시고 빠른 쾌유를 바라겠습니다.   기타 궁금한 사항이 있으시면 근로복지공단 콜센터(☎1588-0075)로 전화를 주시면 성심 성의껏 답변해 드리겠습니다.이용해 주셔서 감사합니다.  ※ 인터넷 질의응답은 법적인 효력을 갖는 결정이나 판단이 아니므로 각종 권리 주장의 근거 또는 증거 자료등으로 사용할 수 없으니 참고하시기 바랍니다.   "
158684,공개,산재 업무 메뉴얼,2019-01-29,서**,콜센터1,처리완료,"안녕하십니까. 추운날씨 감기조심하세요  이번에 산재업무를 맡게 되었는데 모르는게 너무 많아 일일이 공단이나 선배들한테 전화로   물어볼수있는 처지도 아니구 하여. 이렇게 글을 올려봅니다.  산재업무관련 메뉴얼이 있는지, 진폐검진병원 추진중이라서   진폐검진 산재 메뉴얼이 있느지를 알고싶습니다.",콜센터1,고객님 안녕하십니까? 근로복지공단 콜센터입니다. 먼저 근로복지공단에 대한 고객님의 관심에 깊이 감사드립니다.문의하신 내용은 19.01.29 15:20분경 유선 안내해드렸습니다.안내해드린 익산지사 진폐담당자분께 확인부탁드립니다. 기타 궁금한 사항이 있으시면 근로복지공단 콜센터(☎1588-0075)로 전화를 주시면 성심 성의껏 답변해 드리겠습니다. 이용해 주셔서 감사합니다. 오늘도 행복한 하루 보내시길 바랍니다. ※ 인터넷 질의응답은 법적인 효력을 갖는 결정이나 판단이 아니므로 각종 권리 주장의 근거 또는 증거 자료등으로 사용할 수 없으니 참고하시기 바랍니다.
157600,공개,주소변경 요청합니다,2018-12-28,김**,콜센터1,처리완료,밑에 바로물어봤다가 비밀번호잊어버려서 다시씁니다. 주소변경 여기서 신청할게요  특수형태근로종사자 입직확인통지서가 날라왔는데 앞으로 통지서받을주소를 변경하고싶습니다.  제이름은 김리나. 891018 사업장은 교원구몬입니다  원래 받을주소가 인천서구 원당대로 685번길30 풍림104동 102호였는데 (당하동풍림아이원 2차)  -->인천서구 가좌로 96번길 47 낙원아파트 나동 404호 로 바꿔주세요~  다음달부터 변경되는건가요? 여기서 변경안된다면 어떻게해야 주소이전할수있는지 알려주세요~,콜센터1,"고객님 안녕하십니까? 근로복지공단 콜센터입니다. 먼저 근로복지공단에 대한 고객님의 관심에 깊이 감사드립니다.고객님께서 문의하신 특수형태근로종사 주소지 변경신고는서면으로 할 경우 공단 홈페이지 초기화면 '서식자료'에서  '특수형태근로종사자 산재보험관계 명세 변경신고서(종사자용)'을 다운로드 받아 작서성하신 후 사업장 관할 공단 지역본부(지사) 가입지원2부(가입지원부)에 팩스, 방문 또는 우편으로 제출하시거나인터넷으로 할 경우        공인인증서로 고용산재토탈서비스(http://total.kcomwel.or.kr)에 회원으로 가입 후민원접수/신고>특수형태근로종사자>특수형태근로종사자 산재보험관계 명세병경신고 에서 접수하여도 됩니다.사업장 관할 공단 지역본부(지사) 팩스번호 등은 공단홈페이지(http://www.kcomwel.or.kr)>공단소개>조직안내>지역본부 및 지사 에서 검색하시면 됩니다. 기타 궁금한 사항이 있으시면 근로복지공단 콜센터(☎1588-0075)로 전화를 주시면 성심 성의껏 답변해 드리겠습니다. 이용해 주셔서 감사합니다. 오늘도 행복한 하루 보내시길 바랍니다. ※ 인터넷 질의응답은 법적인 효력을 갖는 결정이나 판단이 아니므로 각종 권리 주장의 근거 또는 증거 자료등으로 사용할 수 없으니 참고하시기 바랍니다.                         "
157352,공개,중식당 배달원 산재,2018-12-24,장**,콜센터1,처리완료,중식당에서 근무중 오토바이가 빙판에서 미끄러져 부상을 입었는데 산재신청이 가능한지요?,콜센터1,"고객님 안녕하십니까? 근로복지공단콜센터입니다.먼저 근로복지공단에 대한 고객님의 관심에 깊이 감사드립니다. ★ 업무상재해의 인정기준산업재해보상보험법제37조(업무상의재해의 인정기준)에서 “근로자가 다음 각 호의 어느 하나에 해당하는 사유로 부상·질병 또는 장해가 발생하거나 사망하면 업무상의 재해로 봅니다. 다만, 업무와 재해 사이에 상당인과관계가 없는 경우에는 그러하지 아니하다.”라고 되어 있으며, 그중 업무상 사고는 ①근로자가 근로계약에 따른 업무나 그에 따르는 행위를 하던 중 발생한 사고 ②사업주가 제공한 시설물 등을 이용하던 중 그 시설물 등의 결함이나 관리소홀로 발생한 사고 ③사업주가 주관하거나 사업주의 지시에 따라 참여한 행사나 행사 준비 중에 발생한 사고 ④휴게시간 중 사업주의 지배관리하에 있다고 볼 수 있는 행위로 발생한 사고 ⑤그밖에 업무와 관련하여 발생한 사고로 규정하고 있습니다.★ 산재 신청 방법 및 절차근로자가 산재 당연가입사업장에서 업무수행 중 업무상 재해를 당하여 4일이상의 요양이 필요한 경우에 해당하는 경우에는 산업재해보상보험법에 따라 산업재해보상보험 요양급여 및 휴업급여(최초분) 신청(청구)서[별지제2호서식]를 작성하고, 산업재해보상보험 소견서[별지제3호서식(산재보험지정 의료기관에서 작성)]를 첨부하여 사업장 소재지 관할 근로복지공단 소속기관 재활보상부에 접수하여 신청할 수 있습니다. 만약, 산재 지정병원에서 치료받는 경우 병원에서 대행하여 접수 가능하오니 병원 원무과 산재담당자에게 문의바라며, 보험가입자의견서[별지제4호의2서식](사업주 작성)를 함께 제출할 경우 사업주 의견청취 절차에 따른 소요기간이 단축될 수 있습니다.* 서식찾기 : 근로복지공단홈페이지 → 서식자료에서 해당 서식을 검색 후 사용합니다. * 첨부서류 (재해조사시 추가 요구자료 있을 수 있음) : 4개월분 임금대장(재해월 포함 4개월분)+ 연차수당 및 상여금 대장(재해일 이전 1년분 임금대장), 근로계약서, 통장사본 등(임금대장은 해당 재해자가 나와 있는 장만 원본대조필 후 제출) * 산재보험 지정 의료기관 찾기 : 근로복지공단홈페이지(https://www.kcomwel.or.kr) → 의료서비스 → 산재지정 의료기관 찾기에서 검색 가능합니다. * 지사찾기 : 근로복지공단홈페이지 → 공단소개 → 조직안내 →지역본부 및 지사에서 사업장 관할 지역본부 및 지사 연락처등을 상세하게 검색 가능합니다. 위의 산재 신청방법과 절차에 따라 고객님이 요양급여의 신청을 우리 공단에 제출하시면 업무상재해(업무상사고)의 인정기준에 따라 해당 소속기관에서 구체적인 사실관계 조사확인 및 관련서류 검토 등 업무상재해 조사 후 최종 산재여부를 결정하고 있습니다.위의 답변으로 고객님의 궁금증이 해소되었기를 바라며, 답변이 충분하지 않았거나 기타 궁금한 사항이 있으시면 사업장 관할 우리 공단 소속기관 재활보상부 또는 근로복지공단콜센터(☎1588-0075)로 전화주시면 성심 성의껏 답변해 드리겠습니다.  오늘도 행복한 하루 보내시길 바랍니다. ※ 인터넷 질의응답은 법적인 효력을 갖는 결정이나 판단이 아니므로 각종 권리 주장의 근거 또는 증거 자료등으로 사용할 수 없으니 참고하시기 바랍니다. "
157223,공개,태백 부설 케어센터 태백순환 차량에 ...,2018-12-17,김**,태백병원,처리완료,안녕하세요 저는 케어센터에 요양중인 김형태입니다 다름이아니라 케어센터에서 운행하는 차량에대해서 문의하고자 합니다 지금운행중인 차량이12인승으로 케어센터 개원시에 구입차량으로 이용인원은 많은데 차량이적어서 이용에 불편함이 많습니다 대부분 80세이상 노약자분들이라 일반버스 정류장은경사로가되어 위험하기도 하고 진폐환자로서는 이옹할수가 없습니다  그전부터 센터장에게 수차례 건의하였으나 재정이 어렵다고만 하고 센터장바뀌고나면 다시원점으로 돌아가 그전에는 모르고 자기는 최선을 다한다고 하니 저희로서는 답답합니다  거의 병을끼고 사는분들이 대부분인데 빠른 조치와 적절한 답변 부탁드립니다,태백병원,"케어센터 발전에 관심을 주신 점에 대해 깊은 감사의 말씀을 드립니다.    저희 케어센터에서는 2018년12월18일까지 입소자분들의 편의를 돕기 위해 공휴일을 제외하고 매일 오전·오후 각 각 1회 12인승 셔틀차량을 운행하고 있었습니다. 또한 2018년9월4일부터 진폐협회에서 오전·오후 각각 1회 태백시내 운행을 하다가 차량이용 입소자가 1~2명에 불과 해 12월10일부터 (월·수·금) 주3회 오전·오후 각각 1회 변경 운행하고 있습니다.    2018년10월부터 12월20일까지 최근 약3개월 간 케어센터 셔틀차량 탑승 인원을 살펴보면 “연인원이 926명으로서 1회 운행 시 약 7명으로 승차 정원에 비해 다소 여유가 있었으나, 2018년 하반기 접어들어 입소인원이 80명 이상으로 늘어나 외출이 많은 경우 간혹 승차 정원의 만차에 가까운 인원이 탑승하였습니다.”  그러던 중 2018년12월17일 오후 4시 30분 경 (당일 오후 3시40분 센터로 귀원하는 승합차량) 정원에 가까운 인원이 탑승하였다는 보고를 받았습니다. 이에 센터장은 같은 날 오후 5시 경 저녁식사 대기 중인 식당입구(복도)에 입소자분이 모이시도록 하여 아래와 같이 설명을 드린 바 있습니다.  그 내용은 12월19일부터 오전 종전 1회 운행에서 2회 운행하겠다는 해결방안을 입소자분들께 먼저 말씀을 드렸습니다.(단, 탑승 인원이 정원을 초과 하지 아니할 경우 현행대로 1회만 운행)    다음 날인 12월18일에도 붙임 자료와 같이 차량 담당직원이 2차로 설명을 드렸습니다.    위 설명과 같이 12월 19일부터 2회 운행 증차코자 하였으나, 당일 아침에 탑승인원이 7명인 관계로 종전과 같이 태백병원을 경유하여 태백역까지 오전 1회만 운행하였으며, 12월20일에도 9명의 입소자분이 탑승하여 역시 오전 1회만 운행하였습니다.     앞으로도 탑승할 입소자 분이 정원을 초과한다면 오전 2회 운행을 할 것이며 차량을 구입할 때 까지 불편이 최소화 되도록 최선의 노력을 다하겠습니다.    2017년1월17일 센터장이 부임하여 “셔틀차량이 연수가 오래되었다고 판단되어” 그해 5월 센터장은 직접 현대자동차 태백지점을 방문하여 카운티 25인승 차량 견적을 받아 같은 해 11월 본부에 2018년도 차량구입 자본예산 6천9백만 원 반영을 요청하여 본부에서는 사정 상 자체예산반영에 어려움이 있어 정부출연으로 차량구입이 필요하다고 판단하고 적극 추진하였으나, 최종심의 과정에서 경기케어센터 등 다른 기관과 같이 예산에 미 반영되었습니다.    이에 센터장은 입소자 분들에게 이런 사실을 3회 설명을 드렸고, 앞으로도 본부와 긴밀히 협의하여 2019년도에 다른 방편으로 도입하는 방안을 강구중에 있으며, 부득이할 경우 2020년도 정부출연예산에 반영되도록 재추진하고 있다는 설명을 드렸으며, 이런 사실에 대해 2018년12월17일에도 재차 말씀을 드린바 있습니다.    또한 태백병원 버스 1대를 관리전환 받아 운행을 하는 의견에 대해 검토한 결과, “태백병원 버스 차량이 노후 되어 태백병원에서도 2대 운영이 필요로 할 것으로 판단되고, 승차 인원이 35인승 버스로서 차량 크기가 커서 현재와 같은 케어센터 12인승 승합차처럼 태백병원 현관 앞을 돌아 나올 수 없어 입소자 분들이 태백병원 입구 다리 머리에서 하차하여 병원에 걸어서 들어가야 하는 관계로 비가 내리는 날에는 매우 불편할 뿐만 아니라 겨울철에는 낙상위험이 있고, 경제적이지 못하다는 (차량운행직원들의) 의견을 듣고 바람직하지 않다.” 라는 설명을 드린 바 있습니다.       앞으로도 케어센터에서는 2019년에도 도입이 가능하도록 공단 본부와 지속 협의하고 있는 중이며 2019년도에 도입이 불가능하다면 2020년 차량구입 예산이 반영될 수 있도록 적극 노력할 것입니다.    앞서 말씀드린 바와 같이 탑승인원이 많아 (한 번에) 셔틀차량에 모두 탑승하지 못할 경우에는 오전 2회 운행하는 방안으로 입소자분들의 불편을 최소화하도록 하겠습니다.    겨울철 건강을 기원 드립니다.    감사합니다."
155854,공개,민원인이잘못한걸로 몰아가는건뮈하자는겁...,2018-09-26,하**,인천병원,처리완료,답변달라했더니 민원당사자가 사과하기싫을수도 있지않는냐 그러니까 결국은잘못한게없다는건데 잘못한게없는데민윈인혼자만뭣나하슨거네요 그리고당사자한테얘기하면운다고그분도얼마나고통스러웠겠냐고 그걸왜저한테그분이왜우는지정확히말쓰을해주셔야지담당하시는분마음대로해석하셔서저한테말씀하이면안돼죠그리고제가의사를무시했다고평소에도그랬다하시는데그건탐당자본만의생각이시죠그걸왜정당화이키이는지요 말이나왔으니무시당한거로치면저만하겠습니까입원한동안검사한번제대로했나요회진을졔대로했나요나가라할땐이유를설명하기를했나요무시도이런무시는제가당했죠 왜같은벼뭔분이잘못했는데저한테그러시는지요 그리고왜하지도않은소리를했다고하시는지요제가언제당신이의사냐란소리를했다고없는얘기까지지어내서저를괴롭히시는지도대체이해가가질않습니다그런소리한적도없고 정말그의사분이한얘기인지 담당자분마음대로하신얘긴지모르겠군요 그리고똑같은질문이라답변안해주려하지말고제대로된답변부탁합니다 일단 제가？겨난게아니라하셨으니 저한테나가라한퇴원사유라도정확히말씀해주셔야죠민원담당하시는분이야의사라는건딜수없는분이니까이행사지만제발하지도않은얘기지어내지마시고최소한한쪽으로치우쳐서말씀하진말아주세요,인천병원,"동일한 내용의 반복적인 질문으로 별도의 답변을 드리지 못한 점 양해하여 주시기 바라며, 추가 설명이 필요할 경우 인천병원 원무부 권강일 차장(032-500-0104)에게 연락주시면 친절히 안내해 드리도록 하겠습니다. "
155664,공개,질문에맞는답변을해주세요,2018-09-10,하**,인천병원,처리완료,도대체 왜 동문서답이십니까 질문내용이틀린데같은내용이라대답안해주고전화하면성실히답변해주겠다니그냥성실히답변해주세요방법이똑같네요 다음번엔 내부처리됐다하고또연락안하실꺼잖아요다시질문드립니다 그병원은 환자한테최선을다했다함은 한달보름동안 회진한번안옵니까 정당한사유얘기한번않해놓고퇴원하라하고강제퇴원이아니라합니까 그병원환자들중저처럼한달보름동안면담신청 안하신환자는다퇴원시키시죠저거기서퇴원사유가그거였으니까요 이번질문도 똑같다하실꺼죠 하긴제대로된 답변을한적없이 매번똑같은질문이라 답변안해주고내부처리했다하고. 본인들만알고 연락도안해주고 이러다지치면포기하겠지하는 안일한 생각마시고 제발 성실한답변부탁합니다,인천병원,"동일한 내용의 반복적인 질문으로 별도의 답변을 드리지 못한 점 양해하여 주시기 바라며, 추가 설명이 필요할 경우 인천병원 원무부 권강일 차장(032-500-0104)에게 연락주시면 친절히 안내해 드리도록 하겠습니다. "
155565,공개,민원의 정확한 내용도 모르는 답변 거...,2018-09-03,하**,인천병원,처리완료,답변 일주일 넘게 생각하신게 거짓말입니까? 길병원 전원 신청한건 검사때문이었고. 검사간다니까. 간호사가와서 퇴원이라고 말해서 무슨소리냐 검사하고 다시 복귀한다 했더니의사가 퇴원이라고 해서면담했더니 퇴원하는게 맞다했고 이유가 뭐냐니까 본인말을 조근조근 듣지않는다고 그리고 나를볼수없다해서 그럼 주치의 바꿔주면 안돼겠냐니까 않된다 나가는게맞다 더입원하고 싶으면 다른병원으로 가라고 까지했고병원까지얘기해줍디다 그래서 6월초까지 산재연장되있으니그때까지있으면안돼겠냐니까퇴원하는게맞다고퇴원사유를 상태가얼마나 좋아졌고 이정도면 퇴원해도 되겠다던지 아무런 설명도 해준적없이 자기한테 면담 신청한적 있냐 내가 찾아간적있냐 그러니까 퇴원해도 된다 이게이유냐고요 본인이화나서 한달 보름동안 회진 한번돌지도않았으면서 그걸 이유라합니까 의사가퇴원하라했고 산재는 다른병원갈때 전원신청해야하는데그기회에퇴원이라함은또뭐고의사가환자를못보겠다는데빨리치료해서먹고살아야하는데퇴원하라하니다른병원으로전원신청해서간거지의사가강제퇴원시킨게아니고환자가자발적으로전원했다는게말이됩니까 물론민원담당하시는분들이야이렇게대답할수밖에없겠죠 아니면 욕먹을 테니까요그래도답변에거짓말은하지말아야죠의사가최선을다해서진료했다고요한달보름동안회진한번안돈사람한테최선이라. 기본적인피검사한번오더내린적없는의사가최선을다했다이건말도아닌거죠그리고두번민원다편답이왜똑같을까요 민원을읽어보긴한건가요. 민원에대한이해도못하고본인보다힘센사람한텐찍소리도못하고민원업무잘돌아가겠습니다 도대체 얼마나 대단한 빽이 있길래 잘못한 의사때문에 벌벌떠시는지요 본인도 회진안돈거 잘못했다인정했다 길래 사과하라했더니 사과도안하고 그런사람이 또자기네 병원수준 떨어진다하는 선생을왜 그렇게감싸는지요 이해가안가는병원입니다 제발의사는저한테감정때문에그렇다쳐도 거짓말은하지맙시다 글구 본인이 잘못한 부분 사과하라 해주세요 회사 사장이 직원한테이무이유없이 그만둬라했는데먹고살려고 다른일자리가나와서옮기면자발적퇴사입니까 좀생각좀하시고답변주세요 의사가나가라하니까나갔지내가미쳤다고그냥나갑니까 할일없어서내가나가고강제퇴원시켰다합니까 확인해달라니까. 이상한소리만하시네요,인천병원,"동일한 내용의 반복적인 질문으로 별도의 답변을 드리지 못한 점 양해하여 주시기 바라며, 추가 설명이 필요할 경우 인천병원 원무부 권강일 차장(032-500-0104)에게 연락주시면 친절히 안내해 드리도록 하겠습니다. "
155563,공개,산재병원 협력업체 직원 복리 개선 요...,2018-09-03,서**,대구병원,처리완료,"대구 산재병원 운영을 위해 협력업체 직원들이 근무하는 것으로 알고 있습니다.   특히 주방에서 일하시는 분의 얘기를 들어보니 직원들 휴게공간도 없고, 가장 기본적인 식사시간 중 반찬이 없어서 밥을 물에 말아 드신다는 얘기를 들었습니다.  주방에서 일을 하면서 반찬이 없어 물에 밥을 말아드신다고 하니 아이러니가 아닐 수 없습니다.  도급 계약을 어떻게 해서 그런지 참 이해가 안되는 부분이 하나 더 있습니다.  최저임금이 올랐는데 예전보다 급여가 줄어든 것 같다면서 하소연을 하시는데, 일하는 시간이 줄어서 그런 거라고 하니, 그렇지도 않다고 합니다.  주방에서 일하시는 분들 특히 연세가 있으시거나, 학력이 낮아 현행법이나, 근로기준에 대한 내용 인지가 취약한 점을 잘 고려하셔서 직원들 기본적인 복리나 처우 개선을 요청드리며, 도급계약에 대한 협력사의 근로기준법 이행 여부를 조속히 확인하여 주시기 바랍니다.",대구병원,유선으로 답변을 완료하였습니다.
155451,공개,8월22일까지 준다는 답변이 아직도 ...,2018-08-25,하**,인천병원,처리완료,병원 홈페이지에 보면 환자권리장전 이란게 있더군요. 이건 자리가 남아서 해 놓으신 건가요 인간의존엄성과생명의고귀함을존중받을권리~~이건뭐의사가이약빼면지긍온뇌졸증또올수있다한약을간호사가막빼버려서환자가위험살뻔하게하지를않나 성실한진료와최상의의료서비스를받을권리~~무슨환자회진을한달반동안안해버리는의사거기에다른병원에서다하는기본검사도않하는병원 환자의질병현재상태에대한충분한설명받을권리 ~~무슨환자한테화가나서 그정도면퇴원해도？다 어떤정도인지설명도안해주고 설명이란게면당요청했었냐자기가회진했었냐 그러니까 퇴원해도？다 이건뭐 병원이개선해야할점의견제시할수있다~~~의견제시해도답변도제대로안해주고내부처리됐습니다 내부처리가어찌？건지 참환자가권리가있긴합니까거기의사는자기병원수준이떨어진다고자기입으로얘기하는데 환자들은뭐고 거기입원환자중면담요청안한환자있으면다내보네시길바랍니다환자를？아내는의사처음봅니다 그의사한테아무도얘길못하나보네요 참안타까운병원입니다아직도그병원이좋은줄알고대기걸어놓고기다리는환자들이불쌍합니다,인천병원,"민원요지 :귀하의 민원내용은 “1. 퇴원을 원하지 않았는데 퇴원을 당함 2. 사과를 하지 않는 이유”에 관한 것으로 이해(또는 판단)됩니다. 답변  귀하의 질의/민원사항에 대해 검토/조치한 결과는 다음과 같습니다. 가. 먼저 저희병원을 찾아주시고, 이용해 주셔서 감사합니다. 나. 원하지 않은 퇴원을 당하였다는 것에 대해서 검토한 결과, 귀하는 2018. 4.17. 뇌혈관조영술을 위해서 가천대길병원으로 전원 예정이었으며, 이후 진료와 관련하여 상담하던중 귀하가 자발적으로 퇴원한 것으로서, 병원에서 강제퇴원 절차를 행한 것으로 보기 어렵습니다. 다. 주치의도 민원이에게 최선을 다하였고 , 병원 이용에 그동안 만족하지 못하신 부분은 죄송스럽게 생각하며 좀더 이용하기 편한 병원으로 거듭날 것을 약속 드립니다  귀하의 민원에 만족스러운 답변이 되었기를 바라며, 답변 내용에 대한 추가 설명이 필요할 경우 인천병원 원무부 권강일 차장(032-500-0104)에게 연락주시면 친절히 안내해 드리도록 하겠습니다. "
155289,공개,제가의사한테강제퇴원당했는데 이걸좀확인...,2018-08-15,하**,인천병원,처리완료,전에도 여러번 민원을 넣었는데요 말도안돼는 답변이 주를 이루다가 결국은답변도제대로안해주다가 본인들 홈피에내부처리되었음해놓고 끝내길래 계속 민원 넣었더니 연락이오더군요내부처리결과는안알려주고내부처리돼었다고끝내버리니답답했습니다 담당자분과얘기도해보고민원해결해주시려고노력하시더군요그런데정작본질적인부분은처리해주지못하시더라구요. 어마어마하신의사선생님이시라서그런가봐요  제가입원당시담당주치의와약간의불미스러운일이있었읍니다 그의사선생님께서 자존심상한단이유로환자회진도한달반가량오지도않으시고있다가외래검사나가기이틀전쯤간호사에게퇴원하라사셨다길래 무슨소리냐검사로일박이일갔다온다하지않았냐하니까 과장님이퇴원이라하던데요해서며담요청했습니다검사받는다했는데왜퇴원이냐물으니퇴원하셔도됩니다 하는겁니다 이유가 한달반동안면담요청한적있는냐그리고본인이찾아간적있는냐없다하니까. 그러니까퇴원해도된다는겁니다 이게말이됩니까. 어떻게좋아졌으니이젠퇴원해도되겠다는말은한마디도없이갑자기퇴원이라니요나중에제가민원넣으니본인이한달반동안회진안간건본인잘못인정한다했답니다 그럼면담요청안해서퇴원인가요거기있는환자들면담요청안한분들다퇴원시키시죠 대단하지않습니까? 이게퇴원사유입니까. 거기다환자가고함지르고해서무서워서 회진못왔답니다 본인도같이화내시고면담하럭갔을땐본인말을조근조근안듣는다고우리관계가좋아질수없다고했습니다 그럼주치의좀바꿔주세요하니까그건안돼고퇴원하는게맞답니다그러면서계속입원치료받고싶으면다른병원알아봐라아니면외래를다녀라. 외래다녀봐야똑같은주치의아닙니까 이게무슨의미입니까?친절하시게?갈만한병원까지얘기해주시고치과치료받고있으니산재기간6월까지있게해달라니치과에전회까지해보시고 그건입원사유안돼니나가랍니다어쩔수없어서외래진료갔다가다른병원으로전원갔습니다그병원에서치과치료때문에외출안된다해서아주곤욕을치뤘 습니다의사란분께서환자한테조금기분나쁘셨다고이렇게까지하셨어야했는지의심스럽습니다 물론담당자분께서도설마그렇기야하겠냐하시는데분명히？겨난게맞습니다. 병원에서이부분을좀잘파악해서알려주셨으면좋겠습니다병원한테도이미지상아니라고하시겠지만이의사정말아닙니다본인이잘못한부분있다인정하면서사과하라니까여태껏사과안합니다본인자존심에상처가나겠지만전그병원에서저한테한일때문에지금껏고통받고있습니다처음시작된부분도치과치료때문에혈전제조절을놓고얘기했는데한번만빼도위험해서뇌졸증또올수있다해서혈전제조절다니던대학병원가서해와라이미간호사마음대로두번뺐었는데제가화가안나겠습니까?  간호사도조절하는약을의사가조절못하고거기다그병원신경외과에물어보기라도했냐니까물어보지도않았고해주지도않는답니다제가화가나서지금회피하려하냐여기도종합병원인데그걸조절못하냐니까 여긴무늬만종합병원이다 그러니까대학병원가서해와라자기부모님이라도보낸다 참나그병원에있는환자들은뭡니까 혹시대학병원의사가외국에라도나가있으면어쩌냐니까왜벌어지지도않은일을가지고그러는냐 정그쪽에서판단못하면본인들이한답니다이게안하는겁니까못하는겁니까저정도환자면불편하지만갔다올수있습니다 아니누워있으면못갑니까 129불러서갔다오면？니다 환자사정전혀생각안하고막던지십니다전에민원넣었을때한말들이고담당자들도알고계실꺼고 정확히조사하셔서병원입장이아닌환자입장에서정말억울한일이있었구나하는걸판명해주시고정확한제퇴원사유를알려주십시오그병원에서다른병원전원와서도오기전약십삼키로정도몸무게가빠지고스트레스때문에아직도잠을제대로못잡니다 민원담당자분께서 애를쓰시고있는데 아무래도의사가굉장히거물인가봅니다자기잘못도인정못하고그래서병원에힘있으신분들이제대로조사해주시고제가잘옷있다면제가사과하고벌받겠습니다아니고의사가정말사심으로그랬다면그의사도사과하고벌받게해주세요.  의사들갑질행태들 누구나당할수있는일입니다  병원입장때문에애매하게하시는건서로에게도움돼는일은아닐꺼라생각합니다,인천병원,"귀하의 민원내용은 “1. 퇴원을 원하지 않았는데 퇴원을 당함 2. 사과를 하지 않는 이유”에 관한 것으로 이해(또는 판단)됩니다. 귀하의 질의/민원사항에 대해 검토/조치한 결과는 다음과 같습니다. 가. 먼저 저희병원을 찾아주시고, 이용해 주셔서 감사합니다. 나. 원하지 않은 퇴원을 당하였다는 것에 대해서 검토한 결과, 귀하는 2018. 4.17. 뇌혈관조영술을 위해서 가천대길병원으로 전원 예정이었으며, 이후 진료와 관련하여 상담하던중 귀하가 자발적으로 퇴원한 것으로서, 병원에서 강제퇴원 절차를 행한 것으로 보기 어렵습니다. 다. 주치의도 민원이에게 최선을 다하였고 , 병원 이용에 그동안 만족하지 못하신 부분은 죄송스럽게 생각하며 좀더 이용하기 편한 병원으로 거듭날 것을 약속 드립니다  귀하의 민원에 만족스러운 답변이 되었기를 바라며, 답변 내용에 대한 추가 설명이 필요할 경우 인천병원 원무부 권강일 차장(032-500-0104)에게 연락주시면 친절히 안내해 드리도록 하겠습니다. "
154940,공개,그러니까내부처리가어떻게됐다는거냐고,2018-07-25,하**,인천병원,처리완료,이사람들이장난하나 내부처리결과가어떻게됐다고얘기를해주면서내부처리됐다고해야지기냥내부처리하고처리완료올려놓으면민원해결끝난건가 어디서이따우로민원해결을하는감 뭐가처리됐는지 말좀해보소일하기싫음사표내고집에가서쉬든가더운데컴퓨터앞에서말장난하는건감몇일까지민원처리결과알려주겠다고하고 내부처리란말본인들홈피에만덜렁해놓고그것도 어떻게내부처리한지적어놓지도않고내부처리가아니라내부가작당해서글올려놓는거내부처리라고 내부에서어떻게처리했는지한번올려보셔 자신있게 아무일도안하면서 처리했다하지말고왜병원새로고치니까보이시는게없으신가원무과깨끗하고좋더구만  깨끗하게들좀사슈  거짓말만하지말고,인천병원,"동일한 내용의 반복적인 질문으로 별도의 답변을 드리지 못한 점 양해하여 주시기 바라며, 추가 설명이 필요할 경우 인천병원 원무부 권강일 차장(032-500-0104)에게 연락주시면 친절히 안내해 드리도록 하겠습니다"
154660,공개,내부처리됐다고본인들홈피에만올려놓으면처...,2018-07-11,하**,인천병원,처리완료,민원처리후 몇일후연락준다하더니연락안와서홈피들어오니내부처리됐다고 내부처리？거를알려줘야지 어떻게내부처리가된건지에대해서도얘기해주지않고내부처리됐다이게민윈처리입니까 처음부터연락준다하지말고처리상황을홈피들어와확인하라하던지 계속민윈을만드는행정이무슨민워을해결하겠다고 민원해결할마음은있는건지답답하네요그리고무슨민원내용이똑같습니까잘못된거더얘기하면앞에것만생각하고나중에것에대한민원답변도안하고똑같은민원이라내부처리됐다니어떻게새부처리됐는지에대해서는왜말이없는지  이런식으로처리해서민윈인들지치게하는방법쓰시는건지 대단들하십니다이번건도  내부처리하실건가요어떻게내부처리하실건가요 전화번호적어놓고거기로전화주시면상세히설명드리겠습니다 그렇게요 그분한테메일보내도씹으시는데무슨처리를하시겠습니까제전화번호있으실테니전화주십시오전화비도아낍네요,인천병원,"[민원의 중복] 동일한 내용의 반복적인 질문으로 별도의 답변을 드리지 못한 점 양해하여 주시기 바라며, 추가 설명이 필요할 경우 인천병원 원무부 권강일 차장(032-500-0104)에게 연락주시면 친절히 안내해 드리도록 하겠습니다. (이로인한 사유로 내부처리되었습니다.)"
154586,공개,이젠아예답변도안해주시네요,2018-07-05,하**,인천병원,처리완료,민윈 넣으면 처음엔 답변해 주더니 이젠 답변도 안해주네요 그리고 그쪽에서 잘못이 없다하니 다같이 모여서 한번대화를 나눠보면 어떨지하는 생각입니다 이것도안하시면  뭔가 잘못한게 있는데 그냥 넘기려고 하는겁니다 그러니 잘못이 없다면 책임있는 사람과 다같이 대화해서 누가잘못했는지 알아봅시다 일단저는 저번민원에서 의사한테 화낸부분은 미안하다 했습니다제가큰부분을해달 라는것도아니고 의사도잘못했음미안하다 한마디면될일은 잘못안했다느니영상이없어판정할수없었던상황이었니본인자존심상해서  환자？아내고정당한사유였다느니 의사도아닌간호사가마음대로약을뺏는데도누구하나사과하는사람도없고자기화났다고한달보름동안회진한번안돈의사가 잘했다는건지환자가무서워서볼수없단사람이주치의바꿔달라니까퇴윈하는게맞다고한사람이환자를안？아냈다하지않나 기본검사자체도안하고 환자방치하다？아내신서유정선생님 처음입원할때 영상다드렸는데없다하는이유는뭔가요그리고그때없으면다시달라해서허ㆍㄴ자상태파악하고있어야지 환자무섭다는사람이같이화내고싸우는의사도 처음봤구만거기다가자기병원의사선생님들수준떨어진다하는의사선생님그병원신경과선생님들이거꼭읽어보세요자기부모가쓰러져도큰병원으로보내지수준떨어지는이병원에서안본답니다제가여기신경과에물어봤냐니까한소리입니다제가알기론서유정선생수준이제일떨어지는거같은데말이죠주제도모르고다른선생님수준지적질이나하고환자랑싸우고？아내고의사로서기본해야할일도않하고잘못한부분시인할줄도모르는그런의사가？는곳이인천산재병원에현주소입니다 참씁쓸하네요 민원처리하는분들도 노고가심하시지만정확한판단부탁드립니타자기식구감싸는것도한도가있지요,인천병원,"[민원의 중복] 동일한 내용의 반복적인 질문으로 별도의 답변을 드리지 못한 점 양해하여 주시기 바라며, 추가 설명이 필요할 경우 인천병원 원무부 권강일 차장(032-500-0104)에게 연락주시면 친절히 안내해 드리도록 하겠습니다. (이로인한 사유로 내부처리되었습니다.)"
154493,공개,옥상정원 재개방 부탁드려요,2018-07-02,정**,대구병원,처리완료,"할아버지가 대구 산재병원에 입원해 계십니다. 장기간 이어지는 재활에 무엇보다 심신이 지치고 힘들어질까 걱정을 많이 했는데 다른 병원에 있다가 대구 산재병원으로 옮기고 시설과 환경이 쾌적해 많이 좋아지셨는데 특히, 옥상정원은 대한민국 어느 병원에 뒤지지 않을많큼 쾌적하고 멀리 나가실수 없는 할아버지한테는 외부공기를 느낄수 있는 유일한 공간인데 오늘부터 옥상공원 폐쇄한다는 얘기를 듣고 상심이 이만저만이 아닙니다. 할아버지는 물론 같은 병원에 입원중이신 대다수의 분들이 아쉬워하고 있습니다. 어떤 이유로 옥상정원을 폐쇄하는지 전혀 공지도 없고 단지, 폐쇄일자만 곳곳에 공지하셨더라구요 옥상정원 꾸미는 데도 상당한 예산이 든거 같은데 거동이 불편해 하는 환자들이 나무를 보고 숨쉴수 있는 산소같은 공간을 폐쇄할만큼 간절한 이유가 있는지 궁금합니다. 환자들끼리 얼마전 자살소동이 있어서 자살사건이 날경우 병원입장에서 곤란하니까 폐쇄한다는 얘기도 있던데 그런 비슷한 이유로 폐쇄한다면 그런 비정상적인 한두명 때문에 전체 환자들이 오히려 피해를 입는 부당한 결과가 되는거 같습니다. 만약 안전상에 문제가 있다면 시설을 보강하여 운영하시는게 합리적이라고 생각합니다. 활동이 불편하지 않은 분들은 그 공간이 얼마나 소중한 공간인지 모르실거에요 많은 환자들도 재개방을 원하지만 몸도 불편하고 어떤 방법으로 건의 드려야 하는지 몰라서 그렇지 절대 옥상정원 폐쇄가 좋아서 가만히 계시는게 아닙니다.  제발 저희 할아버지의 유일한 안식처이자 바깥세상과 소통장구인 옥상정원을 제발제발 재개방 부탁드립니다.",대구병원,"대구병원에 관심을 가져 주셔서 감사합니다. 대구병원 전직원은 대구병원에 입원하신 모든 환자분들이 안전한 환경에서 전문화된 재활치료를 통하여 가정 및 사회에 복귀하실 수 있도록 최선의 노력을 경주하고 있습니다.  그럼에도 불구하고 금번 옥상폐쇄건으로 불편을 드리게 되어 대단히 죄송합니다. 대구병원은 불의의 사고로 다치신 환자분들이 많이 입원하고 계시며 예측치 못한 사고로 신체적 고통 외에 심리적 불안상태를 가지고 계십니다. 이러한 상황에서 옥상을 상시 개방한다는 것은 안전사고의 위험이 있다는 외부기관의 지적이 있어 부득이 옥상폐쇄를 결정하게 되었습니다.말씀해 주신대로 5층 옥상의 안전시설을 보강하여 재개방하는 것을 준비하고 있으나, 시간이 필요해서 현재는 폐쇄할 수 밖에 없어 죄송합니다. 이점 다시한번 양해부탁드립니다.  대구병원은 옥상외에도 넓은 옥외공간과 야외운동시설 및 텃밭이 있어 환자분들의 심신 안정을 위한 시설운영에 만전을 기하고 있으며 향후 병원의 녹지확장을 위하여 더욱 노력하도록 하겠습니다. 입원환자 한분 한분의 안전을 최고로 생각하는 마음에서 부득이 옥상폐쇄를 결정하게 된점 다시한번 양해부탁드리오며 대구병원 전직원은 환자분의 안전한 병원생활과 빠른 쾌유를 위하여 최선을 다하도록 하겠습니다."
154105,공개,의시갑질및민원상담사의안일한상담대처,2018-06-10,하**,인천병원,처리완료,민원보낸것에 대한 답변에 다시메일로 연락하니 언제든전화하면 성실히답변하시겠다고 민원답변와서 메일보냈는데 소식도없고해결하시겠다는 의지도 않보이네요  의사가환자와다툼이있었다고계속회진한번돌지않다가 단른병원 외래진료 나간다니까 이렇다저렇다말도없이 퇴원하라 해놓고 정당한 의사소견이라는게 답변입니까 제 상태에 대해 얘기한번 없다가 의사소견이 정당하니 퇴원하라는게맏는말인지제가 고성으로 계속말을해서 진료를 볼수 없었다했는데 그날말고 언제대화 한번해보려한적있읍니까본인들잘못때문에화좀냈다고 자신이 화낸건 생각도 않하고 의사소견없이 간호사 맘대로 위험한 약을뺀게 잘했다는 겁니까그병원입원할때입원치료 더받고 싶다고해서 입원한건데  갑자기 나가라하는겄도 이상하지않습니까 처음입원할때나 퇴원할때 상태가 크게  호전된것도아니고 저하고 관계가좋아질수없다고  퇴원하라고 그래서통원을  하던지 입원치료 하고싶으면 다른병원가라하는게 ？아내는거지뭡니까 그리고 관계가 좋아질수없으니 주치의 바꿔 달라하니 그냥 퇴원하는게 맞다 해놓고 저는 주치의바꿔주면 의사소견대로 통원할수도 있었습니다 통원해도 주치의 바뀌지않고 저한테 감정않좋은 선생님한테 계속진료받는게 아픈환자가 선택할수있는 부분은아니라고 생각합니다 본인이 약을 조절할수 없다는걸 간호사가 독단으로 조절하고 답변에영상 기록도없다하셨는 데영상 다제출했는데없다는게말이됩니까?  영상이없었으면환자상태른위해서라도다시달라했어야지 퇴원할때까지도환자상태를모르고있었다는거아닙니까그래놓고잘못한게없다의사소견이맞다하시는게 민원에대한답변입니까다시전화하면상세히답변주시겠다던담당자분은메일로문의하니연락도없으시네요전화하면싸울것같아메일보냈더니그냥씹으시네요 이게성실한답변입니까 참말들은 잘하십니다 간호사도하는 판정  의사가못하고 아니면 다른병원가서 받아오라고 그병원의사가하는게 갑질하고 환자한테 화내는거빼고 뭐하는분이십니까 거기다 자기병원 의사수준 떨어진다하는데 제가보기엔그병원 서유정과장 수준이 제일로 떨어지는거 같습니다 다른선생님들은 운동치료실 환자 보러내려오시는데 한번내려오는것도 못봤습니다 한달보름동안 다른 선생님들은 두 세번 봤습니다거기에환자기본피검사같은거조차한번도않하시는분이정말의사이신지그게자존심이신지알수가없군요처음그병원외래에서물리치료대기하고있을때 담당 물리치료사가 휴가였는데 다른선생님이 오셔서 해준다고 삼십분중 오분후에 오시더니 오분일찍 끝내시더군요 이십분하고 나왔습니다 이런병원에서 외래진료 받고싶겠습니까 나랏돈으로 운영하는병원에서  국민이 이런꼴을 당해야겠습니까 전산재환자인데 제가산재보험금 안낸적도 없는데 왜 이런일을 당해야하는지 알수가 없습니다 민원담당자분도 본인일 아니라고 좀쉽게생각하는거 같네요 누구편을 들라는게 아니라사실에대한부분을정확하게인지하시고 잘못한부분은 인정하고시정할수 있는 민원이 돼었으면 합니다 저도 담당의사한테 화낸건 잘못했다 생각합니다 그런데 이병으로쓰러져서일년넘게병원예있었는데그약을하루라도 빼먹으면 또병이 재발할수있다는약을그래서본인보다훌륭하신교수님한테조절해오라하셨어요그분보다훌륭하신간호사분이의사처방없이간호사가빼버렸는데 화가안나겠습니까?그얘기를나중에의사한테하니까반응이시큰둥하더군요본인이한일이아니니까그런가보죠?대단하신분입니다  다른 병원의사보다도 못하고  심지어 간호사보다 못한 의사선생님아닙니까이렇게보내면답장하시고 메일 보내면 답장 안해주시는 이유도 굉장히 궁금합니다 아 등록된 글에대한답장은 안하면  일을 안한게되니까 그럼성실한답변을해주겠단 말씀을 하시지 말던지요 원장선생님과 다같이 대화한번했으면좋겠네요무슨병원이응급실은있는데 밤에 상주하는의사가없습니까  굉장한병원이에요,인천병원,"[민원의 중복] 동일한 내용의 반복적인 질문으로 별도의 답변을 드리지 못한 점 양해하여 주시기 바라며, 추가 설명이 필요할 경우 인천병원 원무부 권강일 차장(032-500-0104)에게 연락주시면 친절히 안내해 드리도록 하겠습니다. (이로인한 사유로 내부처리되었습니다.)"
153013,공개,산재보험 알려주세요,2018-03-26,최**,콜센터1,처리완료,개인사업자운영매장에서일하다가 다리를다쳐서3개월정도일을 못하게되어습니다.근데 4대보험 가입이되어잇지않은데 산재보험처리가가능한가요.급합니다.빠른답변부탁드려요,콜센터1,"고객님 안녕하십니까?근로복지공단 콜센터입니다.먼저 근로복지공단에 대한 고객님의 관심에 깊이 감사드립니다.○ 재해를 당한 사람이 산재보상(요양급여)을 받기 위해서는 1) 산업재해보상보험법의 적용을 받는 사업장에서 2) 근로기준법상 근로자로서 3) 4일 이상의 요양을 필요로하는 업무상 재해(질병)에 해당하여야 하며, 업무상 재해에 해당하는지 여부는 재해근로자의 민원신청(산재보험 요양급여신청)에 의해 근로복지공단 관할 지역본부(지사)에서 판단을 하고 있습니다.- 산재보험의 경우 근로자 개인별로 자격을 취득하는 것이 아니라 사업장 단위로 가입을 하므로 재해를 당한 근로자가 산재보험 적용(대상) 사업장에서 업무중 재해를 당하여 4일 이상의 치료를 요하는 경우 사업장 소재지 관할지사로 산재보험 요양급여신청서를 제출하여 요양 결정을 받은 후 요양.보험급여를 받으실 수 있습니다. 다만, 소속 사업장이 산재보험 가입 대상 사업장이나 가입되어 있지 않은 경우 가입 여부 판단을 위하여 업무 처리기간이 더 소요될 수 있습니다.- 고객님께서 요양급여신청을 원하시는 경우 참고하시도록 다음과 같이 민원신청 절차를 안내드리오니 참고하시기 바랍니다.ㅇ신청절차 : 신청절차는 먼저 사업주와 치료받은 병원의 원무과에 산재보상신청을 하겠다는 의사표시를 하신 후 보통 병원에서 보관하고 있는 산재요양급여신청서 서식(근로복지공단홈페이지 www.kcomwel.or.kr 서식 자료란에서 다운로드 받으시거나 고객지원센터 1588-0075로 전화하셔서 팩스 전송 가능)에 인적사항과 재해경위 등을 구체적으로 작성 후 날인을 하시고, 그런 후에 병원 원무과에 제출하시면 병원에서 서식의 주치의 소견란에 주치의 소견과 날인을 하여 인터넷으로 공단에 접수를 하거나, 인터넷 접수가 어려울 경우 고객님께 작성된 신청서를 내어 주면 공단에 우편이나 방문하여 제출하시면 됩니다.ㅇ 제출처 : 사업장 소재지를 관할하는 근로복지공단 지역본부 또는 지사 재활보상부(건설공사의 경우 건설공사 현장 소재지 관할)※ 관할지사 및 연락처는 공단 홈페이지 > 공단소개 > 지역본부 및 지사 메뉴에서 소재지로 검색 확인 가능합니다.ㅇ 제출주체 : 요양급여신청서의 제출 주체는 근로자입니다. 다만, 편의상 사업주가 제출하는 것을 도와주거나, 근로자 동의 하에 치료병원에서 제출을 대행할 수 있습니다.ㅇ 첨부서류 등: 업무상 재해에 대한 입증책임은 근로자에게 있습니다. 따라서 위에서 말씀드린 산재보험 요양급여신청서에 고객님의 주장을 뒷받침할 수 있는 자료(근로계약서, 목격자확인서, 급여지급내역 등), 의학적 사실을 입증할 자료(의무기록지, 진단.검사자료 등)를 제출하시면 되겠습니다. 첨부서류는 요양급여신청서 제출 후 추후 제출 가능합니다.기타 궁금한 사항이 있으시면 근로복지공단 콜센터(☎1588-0075)로 전화를 주시면 성심 성의껏 답변해 드리겠습니다.이용해 주셔서 감사합니다. 오늘도 행복한 하루 보내시길 바랍니다.※ 인터넷 질의응답은 법적인 효력을 갖는 결정이나 판단이 아니므로 각종 권리 주장의 근거 또는 증거 자료등으로 사용할 수 없으니 참고하시기 바랍니다."
152946,공개,통합병동 관련,2018-03-22,송**,대전병원,처리완료,"안녕하세요. 대전산재병원 입원 환자 보호자입니다. 최근 대전산재병원은 통합병동사업을 실시 하였습니다. 그로 인해 환자 및 보호자들에게 대단한 혼란이 일어 났습니다. 장기 환자가 대부분인 산재병원에서 일방적으로 공단의 지시사항이라며 통합병동을 실시 하였습니다. 대부분의 환자들은 갈곳을 잃었으며 당장 어디에서 생활해야할지 많은 고민을 하게되었습니다. 하지만 병원에서는 어쩔수 없다며, 환자와 보호자의 의견은 듣지않고 사업을 실시해야된다고만 했습니다.  그렇게 통합병동사업이 실시 되었는데, 이러한 과정에서 기존병동유지 환자와 통합병동 환자의 분류에 있어 명확한 기준없이, 단지 3층과 5층환자라는 이유만으로 통합 병동을 실시하였습니다. 구체적으로 3층 환자들은 기존의 방식인 개인간병인을 유지한 병동이며, 5층 환자들은 통합병동 실시사업으로 인해 반강제적으로 개인간병인을 둘수 없었습니다.  실시 전 상당한 마찰과 상담을 통해 통합병동이 아닌 기존 개인간병시스템을 원한다는 의사를 표현한 보호자와 환자의 의견은 반영되지 않은채 진행된 사업에 대해 굉장한 유감을 표합니다. 비용면이나 의료서비스 개선을 위해 필요하다는 명목도 중요하지만, 정작 환자 중심이 아닌 병원관리자 중심의 서비스가 될가 우려가 됩니다.   핵심적으로 말하고자하는 바는 통합병동시스템의 취지는 인정하나, 통합병동 실시과정에서 환자 분류 기준의 모호함과 환자 및 보호자의 의견이 반영되지 않은 일방적인 분류 방법에 불만이 상당합니다. 해당 보호자 및 환자에 대한 의견 재수렴과 통합병동과 기존병동 희망자 재조사 및 재배치 부탁드립니다. 이점 꼭 확인해서 원만한 해결 바랍니다.",대전병원,"    안녕하십니까? 근로복지공단 대전병원입니다.     우선 저희 병원에 입원하면서 불편하신 점이 있으셨다면 진심으로 사과드립니다. 귀하께서 인터넷을 통해 신청하신 민원에 대한 검토 결과를 다음과 같이 알려드립니다.          귀하의 민원내용은“간호·간병통합서비스 병동을 운영 하면서 일반병동과 통합병동 분류기준의 모호함과, 환자의 의견을 재 수렴하여 병실 재배치 요청”에 관한 것으로 이해됩니다.       우선 간호·간병통합서비스 병동은 국민의 간병 부담을 경감하고 전문 간호인력에 의한 양질의 입원서비스를 제공하기 위하여 도입된 정부정책사업으로 ’16. 9.30부터 공공의료기관은 의무적으로 시행하도록 되어있어 본원도 ’17년부터 운영하여 ’18년은 병실을 확대하여 운영하고 있습니다.  ’18. 3.12.자 108병상(51·52병동) 확대 운영을 하면서 환자 및 보호자(간병사) 대상으로 설명회 등 지속적인 홍보 및 안내를 하였음에도 불구하고 개인 간병을 희망하시는 분들은 타 병원으로 전원 및 본원 일반병동으로 이동을 원하였으나, 본원의 경우 43%만 일반병동으로 운영을 하고 있어 여유 병상이 없는 상황이었고, 현재도 병상이 여유롭지는 않은 상황입니다.       고객님의 민원에 대하여 적극적으로 수용을 하여야 하나 현재 일반병실이 여유롭지 않아 만족할 만한 답변을 드리지 못해 다시한번 송구스럽게 생각합니다. 향후에도 저희병원에 내원하시는 고객분들이 불편 없이 진료 받으실 수 있도록 서비스 향상에 더욱 노력해 나가겠습니다. 감사합니다.    2018. 4. 11.(수) 근로복지공단대전병원 원장 올림   "
151994,공개,건강검진,2018-02-23,김**,콜센터1,처리완료,안녕하세요  산재연금 수급자 임니다    산재요양병원이나 협력업체에서 종합 건강검진을 받을수없나요   그리고 수급자 전용카드란  신용카드을 만들어하나요,콜센터1,안녕하십니까?         근로복지공단 고객지원센터입니다. 먼저 근로복지공단에 대한 고객님의 관심에 깊이 감사드립니다.문의하신 내용에 대해서는 2018. 02. 26. 09:53 분경 유선으로 안내해 드렸습니다.* 산재 연금수급자 전용카드의 신청은 하나은행 영업점 방문신청 또는 산재 연금수급자 전용카드 접수센터(1544-7711)로 하시면 됩니다.기타 해당 내용과 관련하여 추가 안내가 필요하신 경우에는 지사 담당자 또는 우리 공단 콜센터(1588-0075)로 문의주시면 안내를 받으실 수 있습니다.이용해 주셔서 감사합니다. 오늘도 행복한 하루 보내시길 바랍니다.※인터넷 질의응답은 법적인 효력을 갖는 결정이나 판단이 아니므로 각종 권리 주장의 근거 또는 증거 자료등으로 사용할 수 없으니 참고하시기 바랍니다
151323,공개,왜 산재처리 종용하는것인가요?,2018-02-05,남**,콜센터1,처리완료,"우리 직원 중 한분이 일을 하다 다쳐서 병원에서 치료를 하느라 몇일 근무를 하지 못했고 직원이 산재처리를 원하지 않았고 저도 그렇게 하자고 했으며 그 직원 본인은 개인 실비 의료보험을 통해 보험금을 수령한것으로 알고 있습니다. 공단으로 부터 ""산재보험을 청구하지 않으면 개인 실비 보험 수령한 금액을 다 토해 내야 합니다."" 라고 직원에게 말을 해서 이렇게 문의 합니다.  2가지 질문 입니다. 왜 이렇게 산재처리를 종용하는 것이며 실비보험수령한 금액을 토해 내라 하는 건가요?",콜센터1,"근로복지공단 콜센터입니다.먼저 우리 공단 홈페이지에 대한 고객님의 관심에 감사드립니다. * 업무상 재해로 우리 공단에 제출하는「요양급여 및 휴업급여 최초분 신청(청구)서」는 법률상 의무로서의 ‘신고’가 아닌, 본인 의사에 따른 '신청"" 후 승인을 받아야만 산재처리 가능한 사항입니다. * 또한 요양급여는 산재보험관계에서 업무상 재해를 전제로 한 사업주책임 보험금의 성격을 갖기에 고객님의 질문에서처럼 직원에게 산재처리를 종용할 여지가 없어 ‘공단’으로만 언급된 내용만으로는 근로복지공단이라고 단정 짓기는 어려워 보입니다. * 아울러 업무상 재해를 당한 근로자가 동일한 손해에 대하여 중복되는 한도에서 이중으로는 보상을 받을 수 없으므로 손해배상으로 수령한 금액이 있다면 보험급여와 조정 후 지급 여부가 판단됨을 알려드리니 참고하시기 바랍니다. 무엇보다 인터넷을 통해서는 일반적인 상담에 대한 답변을 드리고 있어 고객님의 궁금증이 해소되기엔 다소 한계가 있으리라 보여 우선 양해를 구하며, 실무관련 한 보다 구체적인 사항은 사업장 소재지 관할지사로 문의하시고, 그 외 문의는 근로복지공단 콜센터(☎1588-0075)로 전화하셔서 친절한 상담 받으시기 바랍니다.  * 공단 홈페이지(kcomwel.or.kr)를 통한 관할지사 찾기 : 하단 중앙부 〉‘지역본부 및 지사 담당자 찾기’ 클릭보다 더 나은 서비스 제공을 위해 항상 노력하겠습니다. 오늘도 행복한 하루 보내시길 바랍니다. ※ 인터넷 질의응답은 법적인 효력을 갖는 결정이나 판단이 아니므로 각종 권리 주장의 근거 또는 증거 자료 등으로 사용할 수 없으니 참고하시기 바랍니다."
150460,공개,일자리안정자금 질문,2018-01-12,신**,콜센터1,처리완료,안녕하세요 문의좀할께요 일자리 안정자금이란걸 보고 신청하려고 하는데요 부동산 운영중이며 직원1명있습니다. 4대보험 가입안되어있고요.. 지역가입자입니다.  3년차되었고 간이사업자 입니다.  신청할수 있는 조건이 되는지 궁금합니다.,콜센터1,"안녕하십니까? 근로복지공단 콜센터입니다. 먼저 근로복지공단에 대한 고객님의 관심에 깊이 감사드립니다.문의하신 내용에 대해서는 다음과 같이 답변을 드립니다.업종과 관련해서 적용이 안되는 경우에는 해당되지 않을 것 같습니다. 일자리 안정자금의 지원과 관련해서는 4대 보험이 가입되어 있어야 하며, 적용 및 추가 안내가 필요하시면 관할 지사 업무 담당자 또는 근로복지공단 콜센터(☎1588-0075)로 전화를 주시면 답변해 드리겠습니다.이용해 주셔서 감사합니다. 오늘도 행복한 하루 보내시길 바랍니다.※인터넷 질의응답은 법적인 효력을 갖는 결정이나 판단이 아니므로 각종 권리 주장의 근거 또는 증거 자료등으로 사용할 수 없으니 참고하시기 바랍니다."
149545,공개,입원신청을 해놓았는데... 기다려도 ...,2017-11-21,박**,대구병원,처리완료,"일을 하다 떨어져 허리를 다쳐 지금 경대병원에 한달정도 입원을 하고 있는데요.. 거의 20일 전에 대구 산재 병원에 입원신청을 해놓았습니다. ,, 기다려도 답이 오지않고 언제까지 기다려야 되는지.. 전화를 해서 물어보니 움직이기 힘든 마비환자 같은 경우는 화장실을 다닐수있는 상황이 아니라 그런 병실이 얼마 없어 그？에 자리가 비어야만 들어갈수있다고 하는데 .... 정말 이런환자들이 기다릴수있는 상황이 너무 열악하자나요.. 이런 환자들이 더 빨리 들어갈수있도록 해주어야 되지 않나요? 기저귀를 차는 환자들과 화장실을 다닐수있는 환자들과 나눠서 있다고 하는데 ... 그러면 기저귀 차는 환자들의 방을 좀 더 늘려야 되지 않나요? 왜 더 위중한 환자들을 더 나몰라라 하는지 기저귀 차는 환자들의 입원실이 마니 부족한 상황이라고 하던데.. 좀 더 늘려주시면 안되나요? 갑자기 두발로 멀쩡하게 살다가 다쳐서 움직이지 못하는것도 억울한데  이런것 까지 맘에 상처를 받아야 되는건지.. 그것도 복지공단에서 운영하는 산재병원에서도 이런 대접을 받아야 되나요? 움직이지 못하는 환자들을 위한 병실도 좀 더 늘려주시고 빨리 입원할수있도록 해주십시요.. 대부분 산재 입원했던 사람들의 이야기가 재활하는 병원비가 마비된 환자들은 재활의 갯수가 적어  돈이 안되어 일부러 몇명밖에 안 받는다는 소문도 들리던데 ... 만약 그것이 사실이라면 정말  우리나라 산재 병원이 이래선 안된다고 생각됩니다.  빨리 입원해서 재활할수있도록 해주십시요....",대구병원,고객님 안녕하십니까? 근로복지공단 대구병원 진료지원부 고객관리담당자 입니다. 먼저 근로복지공단 대구병원에 대한  고객님의 관심에 깊이 감사드립니다.또한 답변글이 늦어져서 죄송합니다.요청하신 부분에 대해 담당자와 상담한결과 귀하께서 본원에 이미 11월 29일 산재로 입원하셨다고 답변을 들었습니다. 입원하고 계시는 동안 빠른 쾌유가 되시길 바랍니다.귀하께서 말씀해주신 부분 소중한 의견으로 수렴하겠습니다.기타 궁금한 사항이 있으면 근로복지공단 진료지원부(☏053-715-7547)를 이용하여 주시기 바랍니다.  쌀쌀해지는 날씨에 건강 유의하시기 바라며 이용해 주셔서 감사합니다.
149527,공개,산재병원,2017-11-18,설**,인천고객지원센터,처리완료,이제 산재병원에 있는 산재환자들을 요양원이나 요양병원으로 옮기는 것이 사실입니까?,인천고객지원센터,"고객님 안녕하십니까?근로복지공단 고객지원센터입니다.먼저 근로복지공단에 대한 고객님의 관심에 깊이 감사드립니다.2017.11.20. 14:35분경 고객님께 안내해드리 것과 같이 문의사항에 대해서는 지사 실무자 등에게 확인한 바, 공식적으로 진행되는 부분은 없는 것으로 확인되었습니다.인터넷 상담은 일반적인 공단의 업무를 안내하는 것으로 개별 해당 내용을 정확하게 안내하지 못할 수도 있으니, 자세한 사항은 병원 관할 공단 담당자에게 문의하시기 바랍니다.기타 고용보험 및 산재보험과 관련한 궁금한 사항이 있으시면 근로복지공단 고객지원센터(☎1588-0075)로 전화를 주시면 답변해 드리겠습니다. 이용해 주셔서 감사합니다. 오늘도 행복한 하루 보내시길 바랍니다. ※ 인터넷 질의응답은 법적인 효력을 갖는 결정이나 판단이 아니므로 각종 권리 주장의 근거 또는 증거 자료등으로 사용할 수 없으니 참고하시기 바랍니다"
149353,공개,[재질의] 산업재해 보상법 제43조관...,2017-10-31,심**,재활국,처리완료,"귀 공단의 답변을 들었으나 궁금한 점이 해결되지 않아 재질의 하오니 검토 후 회신 부탁드립니다.  * 귀 공단의 답변내용 중 개선명령에 대한 세부사항 근거로 1. 산재보험법 제43조, 같은 법 시행규칙 제23조 2. 산재보험법 시행규칙 제25조 별표2 3. 산재보험법 시행규칙 제23조 산재보험 의료기관의 지정기준 에서는 의사친필이 아니면 개선명령을 한다는 규정은 전혀 찾아볼 수 없었습니다. 그런데 한편으로 귀 공단의 답변은 '산재보험 의료기관 관리규정의 별지6호서식에 따라 지도 및 점검하여 개선명령을 한다'고 답변하였습니다.  * 산재보험 의료기관 관리규정의 별지6호서식은 산재보험법에서 정하거나 위임을 받은 서식인지요? * 만약 산재보험법에서 정하거나 위임을 받은 서식이라면 그 근거는 무엇인지요? * 별지6호서식을 열람할 수 있는지요?  원질문 산업재해 보상법 제43조는 산재보험 의료기관의 지정 및 지정취소를 정의하고 있고 3항에서는 개선명령에 대해 정의하고 있습니다.  1. 업무상의 재해와 관련된 사항을 거짓이나 그 밖에 부정한 방법으로 진단하거나 증명한 경우  2. 제45조에 따른 진료비를 거짓이나 그 밖에 부정한 방법으로 청구한 경우  3. 제50조에 따른 평가 결과 지정취소나 진료제한등의 조치가 필요한 경우  4. 「의료법」 위반이나 그 밖의 사유로 의료업을 일시적 또는 영구적으로 할 수 없게 되거나, 소속 의사가 의료행위를 일시적 또는 영구적으로 할 수 없게 된 경우  5. 제1항제3호에 따른 인력·시설 등의 기준에 미치지 못하게 되는 경우  6. 진료제한등의 조치를 위반하는 경우    최근 민원인이 아는 병원에서 진료계획서, 장해진단서, 요양비 청구서등 의사의 친필 서명은 되어 있으나, 깨끗이 워드작업을 했다는 사유로(모두가 의사 친필글씨가 아니라는 이유로) 개선명령을 하겠다는 소식을 들었는 바, 그 근거가 법령이나 고시, 지침 등 관련근거가 있는지요? 또한, 있다면 의사의 친필 범위는 어떻게 되는 지요?   혹시 지나친 행정해석으로 인한 규제가 아닌지요? 바쁘시더라도 빠른 회신 부탁드립니다. 감사합니다.   답변  2. 산재보험법제43조 및 시행규칙 제23조에 의거 산재보험 의료기관의 지정조건을 규정하고 있으며 동 시행규칙 제25조 별표2에는 제재 및 조치기준을 명시하고 있습니다.  3. 산재보험 의료기관의 점검은 산재보험법 제23조의 지정조건 및 산재보험 의료기관 관리규정의 지정조건 준수여부를 수시 또는 정기적으로 점검하도록 규정하고 있습니다.  4. 산재보험의료기관에서 요양 및 보험급여 신청을 대행한 서류에 대하여 토탈서비스로 제출하는 경우 및 진료비의 청구에 관한 서류는 그 서류의 원본을 진료기록부와 함께 5년간 보관하도록 지정조건에 명시하고 있습니다.  5. 또한, 지도 및 점검은 산재보험 의료기관 관리규정의 별지6호서식 산재보험의료기관 지도 점검부에 따라 실시하고 있으며 점검항목중 [토탈서비스 신청서류와 원본서류의 일치여부]에 대해 ""원본 보관 유무, 사업주 및 재해자 날인유무, 주치의사 직접소견 작성여부, 주치의사의 서명유무""를 점검하도록 하고 있습니다.  6. 기타 궁금한 사항이 있으신 경우에는 의료기관의 주소지를 관할하는 지사의 재활보상부로 문의하여 주시기 바랍니다.",재활국,고객님 안녕하십니까? 근로복지공단 콜센터입니다. 먼저 근로복지공단에 대한 고객님의 관심에 깊이 감사드립니다.유선상으로  과거 답변한 자료이나 전산처리오류건으로 사후 결재 완료된 건입니다 . 기타 궁금한 사항이 있으면  근로복지공단 콜센터(☏1588-0075)로 문의하여 주시기 바랍니다. 날씨가 많이 쌀쌀합니다. 늘 건강유의하시고 고객님의 가정에 따뜻함과 포근함이 가득 넘치길 바라겠습니다.  이용해 주셔서 감사합니다. ※ 인터넷 질의응답은 법적인 효력을 갖는 결정이나 판단이 아니므로 각종 권리 주장의 근거 또는 증거 자료등으로 사용할 수 없으니 참고하시기 바랍니다. 
149337,공개,산업재해 보상법 제43조관련 개선명령...,2017-10-30,심**,재활국,처리완료,"항상 근로자 재해 복지에 애쓰시는 귀 관의 노고에 감사드립니다.   산업재해 보상법 제43조는 산재보험 의료기관의 지정 및 지정취소를 정의하고 있고 3항에서는 개선명령에 대해 정의하고 있습니다.  1. 업무상의 재해와 관련된 사항을 거짓이나 그 밖에 부정한 방법으로 진단하거나 증명한 경우  2. 제45조에 따른 진료비를 거짓이나 그 밖에 부정한 방법으로 청구한 경우  3. 제50조에 따른 평가 결과 지정취소나 진료제한등의 조치가 필요한 경우  4. 「의료법」 위반이나 그 밖의 사유로 의료업을 일시적 또는 영구적으로 할 수 없게 되거나, 소속 의사가 의료행위를 일시적 또는 영구적으로 할 수 없게 된 경우  5. 제1항제3호에 따른 인력·시설 등의 기준에 미치지 못하게 되는 경우  6. 진료제한등의 조치를 위반하는 경우    최근 민원인이 아는 병원에서 진료계획서, 장해진단서, 요양비 청구서등 의사의 친필 서명은 되어 있으나, 깨끗이 워드작업을 했다는 사유로(모두가 의사 친필글씨가 아니라는 이유로) 개선명령을 하겠다는 소식을 들었는 바, 그 근거가 법령이나 고시, 지침 등 관련근거가 있는지요? 또한, 있다면 의사의 친필 범위는 어떻게 되는 지요?   혹시 지나친 행정해석으로 인한 규제가 아닌지요? 바쁘시더라도 빠른 회신 부탁드립니다. 감사합니다.",재활국,  고객님 안녕하십니까? 근로복지공단 콜센터입니다. 먼저 근로복지공단에 대한 고객님의 관심에 깊이 감사드립니다.유선상으로  과거 답변한 자료이나 전산처리오류건으로 사후 결재 완료된 건입니다 . 기타 궁금한 사항이 있으면  근로복지공단 콜센터(☏1588-0075)로 문의하여 주시기 바랍니다. 날씨가 많이 쌀쌀합니다. 늘 건강유의하시고 고객님의 가정에 따뜻함과 포근함이 가득 넘치길 바라겠습니다.  이용해 주셔서 감사합니다. ※ 인터넷 질의응답은 법적인 효력을 갖는 결정이나 판단이 아니므로 각종 권리 주장의 근거 또는 증거 자료등으로 사용할 수 없으니 참고하시기 바랍니다.   
149304,공개,간병인 수준,2017-10-24,강**,안산병원,처리완료,저는 안산 산재병원 입원 환자입니다.이 병원은 간병인 협회인 데레사와 선한 이웃이라는 업체를 통해서 간병인을 환자들에게 제공하고 있습니다.그런데 문제는 간병인의 수준입니다.간병인들이 나이가 많은것은 신경안씁니다.일만 잘하면 되니까요.생활 패턴도 매일 똑같은데 왜 하루 하루 했던말 반복해야하고 세스들이 너무 없어서 답답해 죽을 지경입니다.현재는 데녀사라는 압체를 통해서 간병인을 쓰고 있는데 간병인이 환자를 너무 힘들게 합니다.데녀사 팀장한테도 몇번을 말했는지 모릅니다.어머니께서병원에서 제 간병을 보시게해서 고생시키느니 차라리 참고 간병인 쓰자고 포기한 상태입니다.안산병원의 간병인 수준에 환자는 스트레스만 받고있습니다.,안산병원,"귀하께서 제기하신 간병인에 대한 내용에 대해 아래와 같이 답변드립니다. 저희병원은 간병관리를 위해 데레사, 선한이웃 이라는 업체와 협약을 통해 간병관리를 하고 있으며, 간병인에 대한 자격관리는 해당 업체에서 하고 있습니다.  병원과 업체의 협약을 통해 환자 편의를 위한 원활한 간병인 공급, 간병비 상승 억제, 간병시 환자안전관리를 위한 양질의 교육 등을 실시하고 있습니다. 또한, 입원환자 분들이 반드시 상기 업체를 이용해야 하는 것은 아니며, 간병인은 환자 및 보호자분들께서 원하시는 분으로 언제든지 교체하시거나 고용하실 수 있습니다. 상기 간병업체 중 하나를 이용하시고 계신 경우에도 다른 업체로의 간병인 교체 요구는 언제든지 가능합니다. 간병업체 팀장에게 요구한 사항이 제대로 반영되지 않으셨다면 그 업체 외 다른 업체로 직접 간병인 교체 요구하시는 것도 가능합니다. 저희 병원에서도 협약업체와 고객님께서 제기하신 문제점에 대해 논의하여 불편사항이 개선되도록 노력하겠습니다. 추가문의 및 궁금하신 점 있으시면 해당병동 수간호사 또는 원무차장(031-500-1104)에게 연락주시기 바랍니다. 감사합니다"
149082,공개,산재장애인정일이 언제였는지 알고 싶습...,2017-09-22,박**,인천고객지원센터,처리완료,제가 2015.7.1일인가 사고가 났었는데 산재장애등급 14등급을 받았습니다. 그때 판정일이 언제였는지 알고 싶습니다.,인천고객지원센터,"고객님  안녕하십니까? 근로복지공단 고객지원센터입니다. 먼저 근로복지공단에 대한  고객님의 관심에 깊이 감사드립니다. 고객님의 질의 내용에 대해 2017. 09. 25. 09:05 경 유선으로 통화한 바, 장해지급일자를 문의하여 2016.01.07. 지급되었음을 답변 드렸습니다.기타 궁금한 사항이 있으시면 근로복지공단 고객지원센터(☎1588-0075)로 전화를 주시면 성심 성의껏 답변해 드리겠습니다. 이용해 주셔서 감사합니다. 오늘도 행복한 하루 보내시길 바랍니다. ※ 인터넷 질의응답은 법적인 효력을 갖는 결정이나 판단이 아니므로 각종 권리 주장의 근거 또는 증거 자료등으로 사용할 수 없으니 참고하시기 바랍니다"
147872,공개,건강검진 후 불편한점입니다.,2017-05-17,이**,인천병원,처리완료,"위, 대장 내시경 후 구토증세와 복부통증, 목과 가슴 부분이 아프네요.. 타 병원에서도 위, 대장 내경을 받아봤지만 이번처럼 아픈적은 처음입니다. 내시경한 의사분과 마취한 의사분은 근로복지공단 인천병원 진료의가 아니던데 어떻게 된건가요? 5월 15일에 전문의가 내시경, 마취한게 맞나요? 남자 한분, 여자한분이던데... 마취또한 검사 중 깨어서 아픈 통증을 느꼈고 다시 마취를 했는지 기억이없네요. 소수인원만 받아서 건강검진을 진행하는 것이 맘에 들었고 공단병원 전문의가 꼼꼼히 검진을 할줄 알았는데 후회가 됩니다.",인천병원,"이충규님 안녕하세요~~먼저 저희병원을 이용하여주심에 감사드립니다.내시경 간호사와 직접 통화하신 내용과 같이 저희병원은 신뢰할 수 있는 의료진과 장비, 업무절차로 진행되고 있습니다. 간혹 수면내시경으로 인하여 깨어나며 회복하는 과정에서 환자분들이 착각으로 오해하실 수는 있겠다는 생각이 듭니다.검사 전,후 주의사항들을 좀더 세심하게 안내하도록 노력하겠습니다. 고객님의 건강을 기원합니다."
147596,공개,응급에 관한비용,2017-04-12,김**,광주고객지원센터,처리완료,"반갑읍니다 당사의 현장에서 작업하시던 하청작업자가 심하게 다쳐서 근로복지 병원에 입원중 산재처리 하기전에 전문병원으로 이동하였읍니다.(하청업체도 산재와 근로자 재해보험 가입)   응급시 검사비와 입원비를 산재처리 하지않고 일반비용으로 처리하고 전문병원으로 이송하였읍니다 여기서 일반비용으로 처리한 금액을 산재신청시 구제 받을수 있는지 하고,또한 응급차량 이용료도 (78,000원) 구제될수 있는지 궁금합니다,)물론 이송된 전문병원에서는 산재신청을 할겁니다)   추가로 하청업체 사원의 사고시  원청에서는 무엇을 책임지고 어디까지 의무를 다해야 되는지 궁금합니다 한가지 더하면 환자에게 간병인이 필요하다면 그에따른 비용과 신청의 절차는 어떻게 되는지 궁금합니다---     그럼 올바른 가르침을 바랍니다  수고 하십시요",광주고객지원센터,"고객님 안녕하십니까?근로복지공단 고객지원센터입니다.먼저 근로복지공단에 대한  고객님의 관심에 깊이 감사드립니다.○ 산업재해보상보험법에 따른 요양급여는 근로자가 업무상의 사유로 부상을 당하거나 질병에 걸린 경우에 그 근로자에게 지급하는 것이 원칙이나, 부득이한 사유로 진료비 등을 먼저 부담한 근로자나 사업주는 근로자의 명의로 요양비청구서를 작성하여 요양한 의료기관의 진료비내역서와 진료비등 영수증을 첨부(보험가입자가 부담한 경우 보험급여대체지급청구ㆍ증명서 추가 작성)하여 공단 관할지사에 제출하시면 공단은 산업재해보상보험 요양급여기준에 따라 요양비를 산정하여 지급해드리고 있습니다.- 고객님께서는 산재요양급여 신청 전 치료비와 이송료(응급차량 이용료)를 문의하셨는데, 위에서 말씀드린 부득이한 사유에는 [산재보험 최초 요양급여 결정전에 산재근로자가 업무상의 재해로 요양을 받은 경우의 요양비]의 경우 정당한 사유가 있다고 인정되므로 재해근로자가 산재보험 요양급여를 신청하여 업무상 재해로 인정되는 경우 별도 요양비청구서를 제출하시면 산재보험 요양급여기준에 따라 지급될 수 있습니다.- 다만 이송료의 경우 이송은 재해가 발생한 장소에서 의료기관까지의 이송을 말하므로 재해근로자의 상병상태가 특수의료시설 또는 기술을 요하는 경우에 해당되지 않고 단순히 산재보험 요양급여 신청 등을 위하여 산재보험 지정의료기관에서 산재보험 지정의료기관으로의 이송하였다면 요양급여가 지급되지 않을 수 있으므로 추후 업무상 재해 여부가 결정된 이후 관할지사에 관련자료를 제출하시고 상담받으시는 것이 좋을 것으로 판단됩니다.  ○ 추가 질문과 관련하여 건설업의 경우 여러 차례의 도급에 의하여 사업이 시행되는 경우에는 그 원수급인을 사업주로 보며, 다만, 하수급인 사업주 인정 신청하여 공단의 승인을 받은 경우에는 그 하수급인을 사업주로 봅니다. 따라서 원수급인이 산재보험 보험가입자인 경우 재해근로자가 산재요양급여 신청 시 보험가입자로서 재해경위 확인과 요양급여신청을 도와줄 의무가 있으며, 하수급인이 산재보험 가입자인 경우 하수급인 사업주가 보험가입자로서 그 의무를 이행하여야 합니다.- 그리고 재해근로자가 간병인을 사용하게되는 경우 간병이 필요한 정도(간병 필요 등급)에 따라 고시된 금액을 요양비청구서에 동 서식의 의료기관으로부터 소견서를 작성받아 관할지사에 청구하시면 지급해드리고 있습니다.(간병료의 경우 간병을 받았다고하여 무조건 지급되는 것은 아니며, 간병범위에 해당되고 간병이 필요하다는 의학적소견이 인정되어야 지급될 수 있습니다. 요양비청구서 서식 참조)  ※ 요양비청구서 서식은 근로복지공단홈페이지(http://www.kcomwel.or.kr )서식 자료란에서 다운로드 받으시거나 고객지원센터 1588-0075로 전화하셔서 팩스 전송 가능합니다.기타 궁금한 사항이 있으시면 근로복지공단 고객지원센터(☎1588-0075)로 전화를 주시면 성심 성의껏 답변해 드리겠습니다. 이용해 주셔서 감사합니다. 오늘도 행복한 하루 보내시길 바랍니다. ※ 인터넷 질의응답은 법적인 효력을 갖는 결정이나 판단이 아니므로 각종 권리 주장의 근거 또는 증거 자료등으로 사용할 수 없으니 참고하시기 바랍니다."
147406,공개,산재병원에서 산재병원으로 전원,2017-03-23,이**,광주고객지원센터,처리완료,현재 다니고 있는 산재지정의료병원이 집과 거리가 멀어 불편하여  집 근처에 산재지정의료병원으로 전원이 가능한지 궁금합니다~,광주고객지원센터,고객님 안녕하십니까? 근로복지공단 고객지원센터입니다. 먼저 근로복지공단에 대한  고객님의 관심에 깊이 감사드립니다. 요양 중인 근로자는 아래의 어느 하나에 해당하는 사유가 있으면 공단에 전원(轉院) 요양을 신청할 수 있습니다. ① 요양 중인 산재보험 의료기관의 인력․시설 등이 그 근로자의 전문적인 치료 또는 재활 치료에 맞지 아니하여 다른 산재보험 의료기관으로 옮길 필요가 있는 경우  ② 생활근거지에서 요양하기 위하여 다른 산재보험 의료기관으로 옮길 필요가 있는 경우  ③ 상급종합병원에서 전문적인 치료 후 다른 산재보험 의료기관으로 옮길 필요가 있는 경우 기타 궁금한 사항이 있으시면 근로복지공단 고객지원센터(☎1588-0075)로 전화를 주시면 성심 성의껏 답변해 드리겠습니다. 이용해 주셔서 감사합니다. 오늘도 행복한 하루 보내시길 바랍니다. ※ 인터넷 질의응답은 법적인 효력을 갖는 결정이나 판단이 아니므로 각종 권리 주장의 근거 또는 증거 자료등으로 사용할 수 없으니 참고하시기 바랍니다.
146908,공개,"병원식에 수저, 젓가락 환자 세척하게...",2017-02-03,이**,대전병원,처리완료,"단기 입원해서 식사가 나온 후 놀란 이유가 식사후  수저,젓가락를 본인이 세척하라는 말에 놀라서 간호사에게 문의하니 위생상 감염 예방이라니.... 도저히 납득이 안가네요. 옆에 나이드신 환자분은 수액 팔에 꽃고 보호자 없이 계시는데  화장실 세면대에 가서 힘들게 씻고 오시는거 보고 더욱 놀랐습니다. 제 상식으로는 병원 급식기는 다른 어느곳 보다 살균 세척해야 하는걸로 아는대 몸이 불편한 환자가 새면대나 휴게실에서 세제도 없이 수저,젓가락을 세척하라는것은  도저히 이해가 안됩니다. 비용 절감 측면이라면 이해를 할수 았을지 몰라도... 공공병원에서 이런일이..... 확인 후 시정 부탁드립니다.",대전병원,"안녕하십니까? 근로복지공단 대전병원 입니다.먼저 입원하시어 겪으신 불편함과 놀라움에 대해 진심으로 사과의 말씀 드립니다.제기하신 의견에 대해서는 과거 감염예방차원에서의 거론을 포함하여 의견이 분분하였던 사안으로, 이번 고객님의 의견을 기회로 담당자 및 위원회의 의견을 들어 환자분들의 편의를 위해 절차를 밟아 개선토록 하였습니다.다시한번 사과의 말씀 전해드리며2017년 한해 귀댁에 건강과 평안이 가득하시길 기원 드립니다."
146513,공개,일을하다 눈을다쳤어요,2016-12-10,이**,광주고객지원센터,처리완료,아버지가 일을하시다 눈을다치셔서요 아버지는 현장에서일하시는 근로자입니다 근무하시다 머리위에서 물건이떠러져서 한쪽 눈이 백냉술술과 강막이 망가졌다고 대학병원에서 진단을받았습니다 일주일 경과를보고 수술을해야할수도있다고합니다 산재가되는지와 상담해보고싶습니다,광주고객지원센터," 고객님 안녕하십니까?근로복지공단 고객지원센터입니다.먼저 근로복지공단에 대한 고객님의 관심에 깊이 감사드립니다. 고객님께서 문의하신 사항에 대하여 2016.12.12. 10:55경 유선안내 드렸으며 답변 내용은 다음과 같습니다.ㅁ 재해를 당한 사람이 산재보상(요양급여)를 받기 위해서는 1) 근로기준법상 근로자가 2) 산업재해보상보험법의 적용을 받는 사업장에서 3) 업무상 재해를 당한 경우에 해당하여야 하는데, 업무상 재해에 해당하는지 여부는 재해 근로자의 민원신청에 의해 근로복지공단에서 판단을 하고 있습니다.ㅁ 산재보험으로 요양급여(보통 치료를 의미)를 받기 위해서는 4일 이상의 요양(입원과 통원기간 포함)을 필요로 하는 업무상 재해에 해당되어야 합니다.  ㅁ 현재로서는 고객님 부친의 재해가 업무상 재해에 해당하는지 알 수 없으므로 정확한 판단을 받아 보시고 싶으시다면 근로복지공단에 산재요양급여신청서를 제출하셔서  행정처분(요양승인 또는 불승인)을 받아 보시기 바라며 소멸시효는 3년이 도과하지 않아야 합니다.ㅁ 민원신청 절차는 다음과 같습니다. 읽어보시고 재해근로자, 사업장, 치료받은 병원에서 작성해 줘야 하는 부분이 무엇인지 살펴보시고 준비하시기 바랍니다.ㅇ 일반적인 신청절차 : 신청절차는 먼저 사업주와 치료받은 병원의 원무과에 산재보상신청을 하겠다는 의사표시를 하신 후 보통 병원에서 보관하고 있는 산재요양급여신청서 서식(근로복지공단 인터넷 홈페이지 www.kcomwel.or.kr 서식자료에서 다운로드하시거나 고객지원센터 1588-0075에 전화하셔서 서식을 팩스로 전송받으실 수도 있음)에 인적사항과 재해경위 등을 작성 후 날인을 하시고, 이것을 사업주에게 보여줘 사업주로부터 사실이라는 확인날인을 받습니다. 그런 후에 병원 원무과에 제출하시면 병원에서 서식의 주치의 소견란에 주치의 소견과 날인을 하여 인터넷으로 공단에 접수를 하거나, 인터넷 접수가 어려울 경우 고객님께 작성된 신청서를 내어 주면 공단에 우편이나 방문하여 제출하시면 됩니다. ㅇ 사업주가 산재보험 요양급여신청서에 날인을 거부하는 경우 : 만약 사업주가 고객님이 산재보상 받는 것을 거부하는 등의 이유로 산재요양급여신청서에 확인날인을 하지 않는 경우에는 사업주 날인을 누락한 채로 일반적인 요양급여신청 절차를 거쳐 제출하시기 바랍니다.(다만, 빈 종이에 사업주가 날인을 거부하는 사유를 기재하셔서 산재요양급여신청서와 함께 공단에 제출하시면 되겠습니다) ㅇ 제출처 : 사업장(공사현장)을 관할하는 근로복지공단 지사의 재활보상부ㅇ 제출주체 : 요양급여신청서의 제출 주체는 근로자입니다. 다만, 편의상 사업주가 제출하는 것을 도와주거나, 근로자 동의 하에 치료병원에서 제출을 대행할 수 있습니다. ㅇ 첨부서류 : 업무상 재해에 대한 입증책임은 근로자에게 있습니다. 따라서 위에서 말씀드린 산재보험 요양급여신청서에 고객님의 주장을 뒷받침할 수 있는 자료(근로계약서, 목격자확인서, 임금대장 등), 의학적 사실을 입증할 자료(의무기록지, mri 등 검사자료 등)를 제출하시면 되겠습니다. 부족한 자료들은 추후 근로복지공단의 담당자가 제출을 요청할 것이므로 첨부서류가 부족한 상태에서 산재 요양급여신청서를 제출하셔도 됩니다.  기타 궁금한 사항이 있으시면 근로복지공단 고객지원센터(☎1588-0075)로 전화를 주시면 성심 성의껏 답변해 드리겠습니다. 이용해 주셔서 감사합니다. 오늘도 행복한 하루 보내시길 바랍니다. ※ 인터넷 질의응답은 법적인 효력을 갖는 결정이나 판단이 아니므로 각종 권리 주장의 근거 또는 증거 자료등으로 사용할 수 없으니 참고하시기 바랍니다."
146326,공개,장해급여 진단서관련,2016-11-10,지**,광주고객지원센터,처리완료,의원에서 치료를 받다가 산재가 종결되었습니다 십자인대파열로 인한 장해가 예상되어 근로복지공단 소속병원에서 검사를 했는데 장해가 예상된다 합니다 종결한 병원에서 장해진단을 받아야 하는지 근로복지공단 소속병원에서 검사한 의사에게 장해진단을 받아야 하는지 궁금합니다,광주고객지원센터,"고객님 안녕하십니까? 근로복지공단 고객지원센터입니다. 먼저 근로복지공단에 대한  고객님의 관심에 깊이 감사드립니다.1. 고객님께서 산재보험 장해급여 진단서 발급과 관련된 내용을 문의 하셨습니다.2. 장해진단서는 원칙적으로 요양을 종결할 당시의 산재보험 의료기관에서 발급받아야 하나,  예외적으로 종결 산재보험 의료기관에 장해를 남게 한 상병에 대한 진료과목 또는 장해 진단을 위한 검사장비가 없거나 그 의료기관이 휴업・폐업한 경우에는 수술 또는 치료 등을 한 다른 산재보험 의료기관에서 발급받은 장해진단서를 제출할 수 있습니다.3. 또한, 우리공단은 현재 장해진단의 공정성 강화를 위해 장해진단 전문의료기관 시범운영을 실시하고 있습니다. 따라서 고객님 관할지사가 이 제도의 적용을 받을 수도 있습니다.4. 따라서, 고객님의 장해진단과 관련한 내용은 관할 근로복지공단 지역본부 또는 지사 담당자와의 상담을 통하여 처리해 주시기 바랍니다. 이용해 주셔서 감사합니다. 오늘도 행복한 하루 보내시길 바랍니다. ※ 인터넷 질의응답은 법적인 효력을 갖는 결정이나 판단이 아니므로 각종 권리 주장의 근거 또는 증거 자료등으로 사용할 수 없으니 참고하시기 바랍니다.  "
146279,공개,회사건강검진에대해서,2016-11-03,김**,순천병원,처리완료,매년마다 회사로와서건강검진을 도와주시는거에대해 감사드립니다. 그런데.. 매년마다하는거지만..그잠깐잠깐..그리고 빠른일처리를위해 진행되는순서. 그리고 아주성의없고간단한상담으로다 건강하다자부할까요? 문진표에어떻게적냐에따라 재검진이나오냐 안나오냐아닌가요? 전 지금교대근무중입니다.그리고귀에서이명소리도들리구요 속도안좋고 수면장애도있는거같습니다  이건분명제생각입니다. 현재2근무를하고 새벽2시에잤는데도 1근근무시간인5시가대니눈이떠져 지금까지잠을설치고있습니다. 속이불펀하다고적었더니 재검나와서위내시경할수도있어요~간호사분이말하길래. 마지막의사상담에서는 술많이마신다고적어놨더니 저위에？편한걸다 술로연관을하더군요 재검이싫고 재검을위해선 제아까운휴가를써야기에(한달에5번) 그냥다맞다고하고 왔습니다 저희는협력사입니다 3조3교대 교대하는마지막날은 하루에2번을근무를나갈때도있습니다. 당연히 잠은몇시간못자겠죠..그리고 야간 새벽근무를나가는데 문진표에 20일이상을먹는다했는데 그건배경은모르고 아 거의매일드시는줄로만알더라고요.. 그래서지금느끼는게  자기가작성하는 문진표대로만한다면과연..어는정도효과가있을지 의문이되어서 이렇게 글한번적어보네요..,순천병원," 귀하의 건강과 행복이 함께 하시길 기원 하오며, 병원 이용에 대한 소중한 의견을 주셔서 먼저 감사 드립니다. 해당부서에서 직접 민원과 유선 통화로 귀하의 답변에 양해 말씀 드렸으며, 더욱 더 최선을 다하는 순천병원이 되겠습니다."
145933,공개,산재 및 급여 관련,2016-08-30,김**,광주고객지원센터,처리완료,산재보험관련해서 질문 있습니다. 현재 가게를 운영하고 있고 8월 27일 직원 한명이 일을 하던 중 다리를 다쳐서 병원에 현재 입원해 있습니다. 문제는 그 직원에게 8월 25일에 8월 한달분 급여를 이미 지급했고 27일 다쳤기 때문에 그 직원은 (고의는 아니지만) 일도 안 하고 급여를 미리 받은 셈이 되버린거죠. 28일부터 8월 31일까지 일 못한거에 대해 보상을 받을 수 있는지 궁금합니다.  산재가 근로자를 위한 정책이라지만 아무리 검색을 해도 이러한 사태에 대해 점주를 위한 관련 글은 없어서 답답합니다.  보상 받을 수 있는 법이 있나요?,광주고객지원센터," 고객님 안녕하십니까? 근로복지공단 고객지원센터입니다. 먼저 근로복지공단에 대한 고객님의 관심에 깊이 감사드립니다. 고객님이 문의 주신 내용 관련으로 2016.08.31. 15:40경 유선안내 드렸으며 고객님의 요청으로 청구서 및 구비서류등는 문자로 전송해드렸습니다.  위의 답변으로 고객님의 궁금증이 해소되었기를 바라며, 답변이 충분하지 않았거나 기타 궁금한 사항이 있으시면 사업장 관할 근로복지공단 지사 재활보상부나 고객지원센터(☎1588-0075)로 전화를 주시면 성심 성의껏 답변해 드리겠습니다.  업무처리가 잘 되시기를 바라고, 늘 좋은 일만 가득하시길 바라겠습니다. 저희도 보다 더 나은 서비스를 제공하고자 항상 노력할 것이며, 이용해 주셔서 감사합니다. ※ 인터넷 질의응답은 법적인 효력을 갖는 결정이나 판단이 아니므로 각종 권리 주장의 근거 또는 증거 자료등으로 사용할 수 없으니 참고하시기 바랍니다.      "
145644,공개,휴업급여 질문이요,2016-07-06,박**,광주고객지원센터,처리완료,휴업급여를 월요일 4일에신청을햇는데 5일날들어오는줄알고기달렷는디 아직안들어와서요.. 혹시 접수가안됫나궁금해서요 얼랴 신청하고 다음날에들어왓는데..,광주고객지원센터,"고객님 안녕하십니까? 근로복지공단 고객지원센터입니다. 먼저 근로복지공단에 대한  고객님의 관심에 깊이 감사드리며, 질문 내용에 대해 아래와 같이 답변 드리오니 참고하시기 바랍니다.고객님이 2016. 7. 4. 청구하신 휴업급여 지급과 관련하여 담당자에게 확인한 결과 금일 지급이 완료 되었다는 회신을 받았습니다. 자세한 내용은 관할지역본부 담당자(경인지역본부 재활보상부 032-451-9201)에게 문의하여 주시기 바랍니다. 기타 궁금한 사항이 있으시면 근로복지공단 고객지원센터(☎1588-0075)로 전화를 주시면 성심 성의껏 답변해 드리겠습니다. 이용해 주셔서 감사합니다. 오늘도 행복한 하루 보내시길 바랍니다. ※ 인터넷 질의응답은 법적인 효력을 갖는 결정이나 판단이 아니므로 각종 권리 주장의 근거 또는 증거 자료등으로 사용할 수 없으니 참고하시기 바랍니다.  "
145627,공개,휴업급여 부탁질문이요.,2016-07-05,박**,광주고객지원센터,처리완료,휴업급여를근처하면 오후쯤에 들어오더오시는데 오전중으로 가능한거요?,광주고객지원센터,"고객님 안녕하십니까? 근로복지공단 고객지원센터입니다. 먼저 근로복지공단에 대한  고객님의 관심에 깊이 감사드리며, 고객님의 질의 내용에 대해 아래와 같이 답변 드리오니 참고하시기 바랍니다.1. 고객님께서 휴업급여 오전 지급 가능여부에 대해 문의하셨습니다.2. 해당 업무는 우리 고객지원센터가 아닌 관할지사에서 처리하게 되며, 휴업급여를 청구하게 되면, 접수 →  담당자 배분 → 검토 → 지급여부 결정 및 결재 → 지급 등의 과정을 거치게 됩니다.3. 따라서, 휴업급여 지급 시간을 정확하게 특정하는 것은 어려울 것으로 판단되지만, 관할 근로복지공단 지사 재활보상부 담당자와 상담을 받아 보시는 것이 좋을 것으로 판단되어 담당자에게 고객님께 전화연락 드리도록 전달하였습니다. 기타 궁금한 사항이 있으시면 근로복지공단 고객지원센터(☎1588-0075)로 전화를 주시면 성심 성의껏 답변해 드리겠습니다. 이용해 주셔서 감사합니다. 오늘도 행복한 하루 보내시길 바랍니다. ※ 인터넷 질의응답은 법적인 효력을 갖는 결정이나 판단이 아니므로 각종 권리 주장의 근거 또는 증거 자료등으로 사용할 수 없으니 참고하시기 바랍니다."
145552,공개,휴업급여를 신청햇는데요,2016-06-24,박**,광주고객지원센터,처리완료,오늘안으로가능한가요?,광주고객지원센터,고객님 안녕하십니까? 근로복지공단 고객지원센터입니다. 먼저 근로복지공단에 대한  고객님의 관심에 깊이 감사드립니다.고객님께서는 휴업급여청구서 접수를 하시고 오늘 지급 가능한지 여부를 문의 주셨습니다.고객님께서 휴업급여청구서를 접수한 경인지역본부 재활보상부 담당자에게 확인한 결과 오늘 지급(16시 예정) 가능함을 안내해드립니다. 기타 궁금한 사항이 있으시면 근로복지공단 경인지역본부 재활보상부(032-451-9201) 또는 고객지원센터(☎1588-0075)로 전화를 주시면 성심 성의껏 답변해 드리겠습니다. 이용해 주셔서 감사합니다. 오늘도 행복한 하루 보내시길 바랍니다. ※ 인터넷 질의응답은 법적인 효력을 갖는 결정이나 판단이 아니므로 각종 권리 주장의 근거 또는 증거 자료등으로 사용할 수 없으니 참고하시기 바랍니다.
145324,공개,김해에 산재보험이 되는 병원이 어디있...,2016-05-18,이**,광주고객지원센터,처리완료,김해에 산재보험이 되는 병원이 어디있나요?,광주고객지원센터,"고객님 안녕하십니까? 근로복지공단 고객지원센터입니다. 먼저 근로복지공단에 대한  고객님의 관심에 깊이 감사드립니다.고객님께서 문의하신 김해에 있는 산재지정병원 조회방법에 대해 아래와 같이 안내해드립니다.근로복지공단 홈페이지(www.kcomwel.or.kr) 접속한 후 상단의 의료서비스->좌측의 산재지정 의료기관찾기-> 시도(경남 선택), 시군구(김해시 선택)->조회 버튼을 누르시면 김해시에 산재지정 의료기관을 확인하실 수 있습니다. 기타 궁금한 사항이 있으시면 근로복지공단 고객지원센터(☎1588-0075)로 전화를 주시면 성심 성의껏 답변해 드리겠습니다. 이용해 주셔서 감사합니다. 오늘도 행복한 하루 보내시길 바랍니다. ※ 인터넷 질의응답은 법적인 효력을 갖는 결정이나 판단이 아니므로 각종 권리 주장의 근거 또는 증거 자료등으로 사용할 수 없으니 참고하시기 바랍니다.  "
145273,공개,지역에 전원신청 가능 병원이 없습니다...,2016-05-11,김**,광주고객지원센터,처리완료,"간략하게 요지만 말씀드리겠습니다.  2015년 10월 23일 사고로 일주일간 병원입원 수술 을 하였습니다.  12월달까지 거제도에서 경남 양산 최초 수술한 병원(2시간 30분소요)으로 통원치료 1월부터 산재 급여 지금 안되니 직장복귀 명령~ 직장복귀후 몇차례를 제외하고는 사비로  인근 병원에서 치료  전원을 신청하려니 거제도에는 안과진료를 볼수있는 산재 병원이 없다고 함.  담당자에게 전화해서 근로자의 번거러움을 들어줄수있도록 안과도 추가 지정을 해줄수 없냐고 말씀드렸더니, 진료 받고싶으면 지정병원으로 가라고 함.   시간도 돈도 많이 투자되어 사업주 측에도 많은 손해를 끼칠것 같다고 말씀드렸더니,  ""그러니까, 교통비 등등... 지급하는것 아니냐고 함. ""  여기는 거제도 입니다.  산업 여건상 조선소가 많다보니, 눈으로 인해 재해가 발생하지 말라는 법은 없는데 말입니다.  안과 병원을 가지고 문제 제기를 하는 사람은 저가 처음이라고 합니다.  그리고 차후에 저와 같은 상황인 안과 치료를 받아야 하는 사람이 생긴다고 하면 똑같이 타 지역에(2시간 3시간)가서 진료를 받고 청구하라는 식의 말을 할것이라고 합니다.   요즘같이 어려운 시기에 일자리 찾기도 힘들고, 사업주 측에도 최대한 불편을 끼쳐서는 안되는것 아닙니까? 가까운 곳에 통원 치료를 할수있는 병원이 있다면, 일석 2조가 아닐까 쉽습니다.  근로자의 편의와, 사업주의 부담을 들어줄수 있게끔 가까운곳에 지정병원 진료과를 증설해 주시는 것은 안될까요??  자기는 모른다고, 그렇게 할수없다고만 하는 담당직원들~~~ 근로자의 편의를 위한 근로자의 편에서 일하는 곳이 근로복지 공단 아닌가요? 그렇찮아도 눈은 안보이고, 답답한데... 이런일들오 이곳저곳 연락해야하니, 참 답답합니다.  공단 담당자분들께서, 최대한 근로자들이 능률에만 집중할 수 있도록 도움을 주신다면, 나라 경제에도 보탬이 될거라 생각합니다.   그동안 여러곳의  전화 응대하시는 직원분들의 전화에서는 책임감이라고는 찾아볼 수 없었음을 말씀드립니다.",광주고객지원센터,"고객님 안녕하십니까? 근로복지공단 고객지원센터입니다. 먼저 근로복지공단에 대한  고객님의 관심에 깊이 감사드립니다.먼저 고객님께 불편을 끼쳐드려 죄송하다는 말씀을 드리며, 고객님께서 문의주신 거제도 안과병원에 대한 산재병원 지정과 관련하여 관할지사인 통영지사에서 유선으로 고객님께 답변드릴 수 있도록 조치해드렸습니다. 기타 궁금한 사항이 있으시면 근로복지공단 고객지원센터(☎1588-0075)로 전화를 주시면 성심 성의껏 답변해 드리겠습니다. 이용해 주셔서 감사합니다. 오늘도 행복한 하루 보내시길 바랍니다. ※ 인터넷 질의응답은 법적인 효력을 갖는 결정이나 판단이 아니므로 각종 권리 주장의 근거 또는 증거 자료등으로 사용할 수 없으니 참고하시기 바랍니다."
144751,공개,입원 문의,2016-02-18,박**,대구병원,처리완료,환자 박기주(511018-)의 보호자입니다. 불완전 사지마비로 인해 현재 경기쪽 병원에 있어  연고지인 대구에 올려고 12월 말경 보호자인 제가 대구산재병원에 방문하였습니다. 관련 자료로 의사선생님과 상담을 다 하였고 3개월정도는 입원 가능하고 들었으나 병실이 없어서 대기해야된다고 해서 대기하였습니다. 사이사이 전화해서 언제 입원가능하냐고 물어도 봤구요 근대 금일 전화해보니 환자가 입원한지 2년 다 되가기 때문에 입원이 안된다고 하는군요 환자는 대구 내려올날만 기다리고 있는데 못간다고 어떻게 전달해야 될까요? 처음부터 안된다고 햇으면 1월 초에는 대구로 내려왔을겁니다. 별써 근 두달동안 기다렸는데 이제와서 안된다니 참 사유도 없고 상담받을때 2년 다된간다고 이야기 다 드렸는데  이에 해명을 요구 드립니다.,대구병원,고객님 안녕하십니까? 근로복지공단 대구병원 진료지원부입니다. 먼저 근로복지공단에 대한 고객님의 관심에 깊이 감사드립니다.고객님께서 질의하신 입원상담과 관련된 사항은 진료협력에서 담당하고 있어 진료협력 담당자(☎053-715-7777)가 직접 전화답변 드리고 해결해 드리도록 하겠습니다. 기타 궁금한 사항이 있으시면 근로복지공단 진료지원부(☎053-715-7548)로 전화를 주시면 성심 성의껏 답변해 드리겠습니다. 이용해 주셔서 감사합니다. 오늘도 행복한 하루 보내시길 바랍니다. ※ 인터넷 질의응답은 법적인 효력을 갖는 결정이나 판단이 아니므로 각종 권리 주장의 근거 또는 증거 자료등으로 사용할 수 없으니 참고하시기 바랍니다.
144227,공개,문의요,2015-12-09,차**,인천병원,처리완료,어제 치료중단에 대해 문의글 올린 환자입니다. 더이상 좋아지지 않을지 과장님이 어떻게 압니까?제가 발병초 수술도 이병원에서 받은것도 아니고 급성기 치료를 이병원에서 받은것도 아니고 수술받은 병원에서는 출혈부위가 너무크다고 살아날 가망성없다고 장례식장이 밀릴수 있으니 장례식장 예약을 해놓으라고까지 했는데 3개월만에 기적적으로 의식을 찾아 여기까지 온겁니다 특히 인천산재병원은 담당 주치의 과장님이 자주 바뀌던데 지금 과장님 저를 맡은지 1년도 안됐는데 더이상 좋아질 소견이 안보인다고 말씀하시는건 환자 입장으로서는 서운하고 섣부른 판단의 말씀이신것 같습니다 독립보행이 가능하다고 기구운동과 근력운동만으로 상태를 유지한다고요?제가 현재 물리치료를 받는 이유는 보행말고도 보행시 틀어진 잘못된 보행자세와 습관 교정을 바로잡기위해서 받는 이유도 있습니다예전에 수중치료 잘릴때도 문의글을 올렸더니 작업치료 시간만 늘려주셨는데 저도 이번엔 가만히 있지 않겠습니다 목요일 과장님 진료볼때 현재 주1회물리치료와 작업치료 유지되지 않을시 어제 내용글과 함께 의료보험환자는 치료를 받으려면 1달에 한번씩 의무적으로 과장님 진료를 받아 운동처방을 받아야 치료를 받을수 있는 과장님 진료를 받을일도 상담받을것도 없는데 한달에 한번씩 운동처방을 받아야 운동을 할수있는 한달에 한번씩 상담받을것도 없ㄴ느데 진료비를 내가며 환자들에게 의무적으로 진료를 받아야 치료를 받을수 있게 환자들에게 불필료한 진료비를 한달에 한번씩 받아 병원 이익을 내느것같은 타병원과는 다른 이해가 안가는 치료시스템에대해서도 이의글을 올리겠습니다,인천병원,안녕하세요 차종찬님. 전화를 드렸으나 전화기의 전원이 꺼져있어 글로 남깁니다. 지난번 답변 드린대로 재활의학과 담당과장님과 보호자분과 함께 다음 방문일정 시 충분한 상담을 하시기 바라며 빠른 회복을 기원합니다.  
144220,공개,문의드립니다,2015-12-08,차**,인천병원,처리완료,"안녕하세요 현재 인천 산재병원에서 의료보험으로재활치료를 받고 있는 뇌출혈10년차의 환자 입니다 오늘제가 문의드릴것은 재활치료 시스템에 대해서 문의 드리는데요 하달전 주치의 과장님 진료상담을 받는데 황당한 통보를 받았는데요 바로 5년 이상된 환자들은 더이상 회복이 불가능 한것으로 보고 더이상 재활치료를 다 잘라서받을수 없다고 하는것인데요 제가 처음 병원을 다닐때 만해도 주 2회 30분씩 작업치료와 물리치료를 받았었는데요 발병한지 3~4년이 지나니까 물리치료는 주1회로 줄고 작업치료는 치료시간이 30분에서 10분으로 줄더군요 그때는 줄어도 그러려니하고 다녔는데요 그후 인천산재병원에 수중재활 치료가 생기고 수중치료 효과를 보아서 약2~3년 치료를 받고 지팡이같은 보행보조기구 없이도 조금씩 독립보행을 할수 있을만큼 좋아졌습니다 그런데 어느날 정책이 바꼈다면서 산재환자와 아예 보행이 아예불가능한 중증 환자를 제외하고는 수중치료를 받을수 없다고하여 그후로는 산재환자가 아닌 사비로 다니는 의료보험 환자인데 사비로 내고 치료를 받겠다고 해도 치료 처방을 해주지 않아 더이상 수중치료를 못받고 있는데요 저와 같이 수중재활치료를 같이받던 뇌졸중환자분께서는 당뇨가 있으신데 수중치료가 운동량이 생각보다 많아서 수중치료를 받으면 혈당치수 조절이 되어서 수중치료좀 받게 처방좀 내달라고 사정을 해도 안된다고 하시더군요 그렇게 수중치료를 받을수 없&#44179;3ㅚ자  그당시 제가 근로복지공단에 이의글을 남겼더니 과장님께서 정책자체가 바뀐거라서 수중치료는 처방해줄수 없고 10분으로 줄었던 작업치료 치료시간을 30분치료로 늘려주시더군요 그렇게 알고 치료를 잘받고 있었는데 갑자기 발병한지 5년 이상된 환자는 더이상 회복 불가능 한것으로 보고 모든 물리치료를 받을수 없게 해버린다니요제가 뇌출혈 발병한지 10년이나 되었지만 20살 &#51211;은나이에 뇌출혈이 발병하여 3개월만에 기적적으로 의식을 회복하고 &#51211;은 나이라서 나이드신 환자들보다 회복력이 더 나아서 이제 독립보행이 조금씩 가능할만큼 좋아지게 되어 이제 사회에 복귀할 날만을 바라보며 운동하고 있는데 재활치료를 끊어 버린다니 황당하네요 대한민국의 장애인 의료복지 이것밖에 안되는 건가요?과장님께서는 인천 산재병원 뿐만이 아니라 모든 재활 병원이 5년 이상된 환자들은 재활 치료 처방을 내어주지 않는다고 했는데 제가 인하대 &#48323;원에도 치료를 다녔었는데 인하대병원에 알아보니까 인하대 병원은 10년 이상된 환자들도 치료시간, 치료횟수 상관없이 치료가 줄거나 없어지지 않는다고 하던데요?제가 예정대로라면 이번주 목요일날 과장님 면담을 마지막을로 재활치료가 중단이 되는데요 만약 현재 주1회 30분물리치료와 작업치료30분 물리치료가 유지되지 않을시 아직 살아갈 날이 더많은 회복가능성이 있는 이나라의 청년의 사회복귀밑 회복을 막는것으로 간주하는것으로 알고 목요일날 과장님 면담을 받고 집에와서 그날 바로 보건복지부및  건강복지 심사평가원에 위에쓴내용 똑같이 이의글을 올리겠습니다",인천병원,"차종찬님, 먼저 불편을 드려 죄송합니다. 담당 과장님과 좀더 재활치료 제공에 대해 협의하였으며, 협의 내용으로 의학적 소견은 “환자분은 현재 제한 적이지만 독립보행이 가능한 상태며, 뇌출혈 후 상당기간이 지난 상태로 향후 기능호전에 중추신경발달치료의 역할이 크지 않을 것으로 생각됩니다. 보호자분과 함께하는 보행훈련과 함께, 제한적이지만 근력운동 및 관절운동, 유산소운동, 등을 병행하는 것이 현 상태에서는 가장 좋을 것으로 사료됩니다. 이에 보호관찰 및 감독이 가능한 물리치료실 내에서 운동기구를 이용한 복합운동치료를 유지하는 것이 좋겠습니다.. 보다 자세한 사항은 병원 내원예정일인 12월10일 담당 진료과장님과 충분한 상담을 하시기 바랍니다. "
144138,공개,산재병원 전원시 필요한 서류 및 절차...,2015-11-26,이**,광주고객지원센터,처리완료,현재 11월 10일 배달업무 중 교통사고로 인해 아주대 병원 응급수술후 가슴 밑으로 감각이 없어 환자가 누워있는 상태인데 3주 뒤에 퇴원하라고 합니다. (현재 산재 신청중) 산재병원으로 옮겨야 하는데   1. 경기 산재병원에 입원이 가능한지? (환자 주소지 충북)/ 실 거주지 경기/회사 소재지 경기  2. 전원에 필요한 서류가 무엇이 있는지?  3. 현재 간병인을 쓰고 있는데 이미 지급한 간병비를 환급받을수 있는지?  등을 알고자 합니다. 답변 부탁 드립니다.,광주고객지원센터,고객님 안녕하십니까? 근로복지공단 고객지원센터입니다. 먼저 근로복지공단에 대한  고객님의 관심에 깊이 감사드립니다.고객님께서 재해를 입고 입원중에 있으며 대학병원에서 퇴원후 전원 등에 관한 문의로 아래와 같이 답변드립니다.- 문1 답변 : 경기 산재병원에 입원이 가능한 지? 입원여부는 의학적인 부분으로 재해자의 상태에 따라 가능여부가 결정됩니다.- 문2 답변 : 전원에 필요한 서류가 무엇이 있는 지? 산재가 승인이 나면 대학병원 업무과 산재담당에게 전원신청서 서류를 공단에 제출를 요청하고 전원 승인이 난 후 병원을 옮기면 됩니다.- 문3 답변 : 이미 지급한 간병비를 환급받을 수 있는지? 대학병원 업무과 산재담당에게 간병비를 공단에 청구한다고 하면 요양비청구서 및 관련자료(진료기록지 등)를 작성하여 관할 지사에 제출하여 심사를 받으시면 됩니다. 기타 궁금한 사항이 있으시면 근로복지공단 고객지원센터(☎1588-0075)로 전화를 주시면 성심 성의껏 답변해 드리겠습니다. 이용해 주셔서 감사합니다. 오늘도 행복한 하루 보내시길 바랍니다. ※ 인터넷 질의응답은 법적인 효력을 갖는 결정이나 판단이 아니므로 각종 권리 주장의 근거 또는 증거 자료등으로 사용할 수 없으니 참고하시기 바랍니다.
144074,공개,병실관리 신경 써 주세요...,2015-11-14,박**,인천병원,처리완료,"얼마전 아는 동생이 인천병원에 입원하고 있어서 문병 차 병실을 찾아갔었는데.. 병실 한쪽에서는 환자.보호자.간병인 인듯 몇명이서 술을 드시고 있더라고요.  생소한 광경이였지만 그분들은 대수롭지 않게 주변의 시선도 아랑곳하지 않고 자연스러웠고, 주변에 있는 환자분이나 보호자들이 더 어색한 모습이 였습니다.   휴게실도 있을텐데 하는 생각만 맴돌뿐, 얘기를 들어 보니 자주 이런일이 있어서   다른환자나 보호자들도 스트레스가 이만저만이 아니더라고 하네요..  간호사실에 얘길해도 그때뿐인가봐요..  금연제도와 달리 공공장소 내 금주 관련 법이나 규정이 없어 강력한 제재도   어려운 상황인줄은 알고 있지만 병실내에서의 지속적인 음주는 환자로서의  권리를 포기하는 것이라 여겨지네요.  특히,다인실에서의 음주는 다른 환자들에게 불편을 초래하고,    안정적인 치료에 방해 되는 심각한 질서 파괴에 해당한다고 생각됩니다.   입원시 입원서약서를 작성하고 서명을 하는 걸로 아는데, 그서류를 작성하고   서명했다는 것은 병원에 입원하고 있는동안 병원내의 규칙과 환자로서의   의무를 다하겠다는 뜻이 아닐런지요..  하루하루 병마와 씨름하는 여러환우들을 위해서라도  그들이 조금이라도 밝음마음으로   치유할수 있도록 철저한 병실 관리 부탁드립니다....",인천병원,먼저 고객님께 불편함을 드려 죄송합니다. 전화상으로 말씀 드렸듯이 장기환자가 많은 병원의 특성을 고려하여 매월 간병인교육 등을 통하여 지속적 관리를 해오고 있으나 간혹 병원관계자들의 눈을 피하여 일탈하는 경우로 관리상 어려움이 있는 부분 양지하여 주시기 바라오며 향후 진료관련부서 등의 다각적인 협조관계를 통하여 좀더 안정되고 쾌적한 치료환경을 조성하도록 노력을 기울이겠습니다. 감사합니다. 건강하십시오~~
